sample_id,id_ecofog,project,site,sample_type,species,reference_genome,lane,read_group,read1,read2
DBR_AEE,ACAR_01,G-MANAGE,Acarouany,Cambium,Dicorynia_guianensis,/home/jbonnier/work/chapitre_5/raw_data/reference_genome/nuclear/Dgu_HS1_HYBRID_SCAFFOLD.fa,2,@RG\tID:DBR_AEE\tSM:DBR_AEE\tLB:G-MANAGE\tPL:ILLUMINA,/home/jbonnier/work/chapitre_5/raw_data/ind_dicorynia/G-MANAGE/DBR_AEEOSDA_2_1_HNWVMDSX3.UDI060_clean.fastq.gz,/home/jbonnier/work/chapitre_5/raw_data/ind_dicorynia/G-MANAGE/DBR_AEEOSDA_2_2_HNWVMDSX3.UDI060_clean.fastq.gz
DBR_AEK,ACAR_02,G-MANAGE,Acarouany,Cambium,Dicorynia_guianensis,/home/jbonnier/work/chapitre_5/raw_data/reference_genome/nuclear/Dgu_HS1_HYBRID_SCAFFOLD.fa,2,@RG\tID:DBR_AEK\tSM:DBR_AEK\tLB:G-MANAGE\tPL:ILLUMINA,/home/jbonnier/work/chapitre_5/raw_data/ind_dicorynia/G-MANAGE/DBR_AEKOSDA_2_1_HNWVMDSX3.UDI005_clean.fastq.gz,/home/jbonnier/work/chapitre_5/raw_data/ind_dicorynia/G-MANAGE/DBR_AEKOSDA_2_2_HNWVMDSX3.UDI005_clean.fastq.gz
DBR_AEY,ACAR_03,G-MANAGE,Acarouany,Cambium,Dicorynia_guianensis,/home/jbonnier/work/chapitre_5/raw_data/reference_genome/nuclear/Dgu_HS1_HYBRID_SCAFFOLD.fa,2,@RG\tID:DBR_AEY\tSM:DBR_AEY\tLB:G-MANAGE\tPL:ILLUMINA,/home/jbonnier/work/chapitre_5/raw_data/ind_dicorynia/G-MANAGE/DBR_AEYOSDA_2_1_HNWVMDSX3.UDI024_clean.fastq.gz,/home/jbonnier/work/chapitre_5/raw_data/ind_dicorynia/G-MANAGE/DBR_AEYOSDA_2_2_HNWVMDSX3.UDI024_clean.fastq.gz
DBR_AFN,ACAR_04,G-MANAGE,Acarouany,Cambium,Dicorynia_guianensis,/home/jbonnier/work/chapitre_5/raw_data/reference_genome/nuclear/Dgu_HS1_HYBRID_SCAFFOLD.fa,2,@RG\tID:DBR_AFN\tSM:DBR_AFN\tLB:G-MANAGE\tPL:ILLUMINA,/home/jbonnier/work/chapitre_5/raw_data/ind_dicorynia/G-MANAGE/DBR_AFNOSDA_2_1_HNWVMDSX3.UDI030_clean.fastq.gz,/home/jbonnier/work/chapitre_5/raw_data/ind_dicorynia/G-MANAGE/DBR_AFNOSDA_2_2_HNWVMDSX3.UDI030_clean.fastq.gz
DBR_AFP,ACAR_05,G-MANAGE,Acarouany,Cambium,Dicorynia_guianensis,/home/jbonnier/work/chapitre_5/raw_data/reference_genome/nuclear/Dgu_HS1_HYBRID_SCAFFOLD.fa,2,@RG\tID:DBR_AFP\tSM:DBR_AFP\tLB:G-MANAGE\tPL:ILLUMINA,/home/jbonnier/work/chapitre_5/raw_data/ind_dicorynia/G-MANAGE/DBR_AFPOSDA_2_1_HNWVMDSX3.UDI080_clean.fastq.gz,/home/jbonnier/work/chapitre_5/raw_data/ind_dicorynia/G-MANAGE/DBR_AFPOSDA_2_2_HNWVMDSX3.UDI080_clean.fastq.gz
DBR_AFQ,ACAR_06,G-MANAGE,Acarouany,Cambium,Dicorynia_guianensis,/home/jbonnier/work/chapitre_5/raw_data/reference_genome/nuclear/Dgu_HS1_HYBRID_SCAFFOLD.fa,2,@RG\tID:DBR_AFQ\tSM:DBR_AFQ\tLB:G-MANAGE\tPL:ILLUMINA,/home/jbonnier/work/chapitre_5/raw_data/ind_dicorynia/G-MANAGE/DBR_AFQOSDA_2_1_HNWVMDSX3.UDI031_clean.fastq.gz,/home/jbonnier/work/chapitre_5/raw_data/ind_dicorynia/G-MANAGE/DBR_AFQOSDA_2_2_HNWVMDSX3.UDI031_clean.fastq.gz
DBR_AFR,ACAR_07,G-MANAGE,Acarouany,Cambium,Dicorynia_guianensis,/home/jbonnier/work/chapitre_5/raw_data/reference_genome/nuclear/Dgu_HS1_HYBRID_SCAFFOLD.fa,2,@RG\tID:DBR_AFR\tSM:DBR_AFR\tLB:G-MANAGE\tPL:ILLUMINA,/home/jbonnier/work/chapitre_5/raw_data/ind_dicorynia/G-MANAGE/DBR_AFROSDA_2_1_HNWVMDSX3.UDI032_clean.fastq.gz,/home/jbonnier/work/chapitre_5/raw_data/ind_dicorynia/G-MANAGE/DBR_AFROSDA_2_2_HNWVMDSX3.UDI032_clean.fastq.gz
DBR_AFU,ACAR_08,G-MANAGE,Acarouany,Cambium,Dicorynia_guianensis,/home/jbonnier/work/chapitre_5/raw_data/reference_genome/nuclear/Dgu_HS1_HYBRID_SCAFFOLD.fa,2,@RG\tID:DBR_AFU\tSM:DBR_AFU\tLB:G-MANAGE\tPL:ILLUMINA,/home/jbonnier/work/chapitre_5/raw_data/ind_dicorynia/G-MANAGE/DBR_AFUOSDA_2_1_HNWVMDSX3.UDI082_clean.fastq.gz,/home/jbonnier/work/chapitre_5/raw_data/ind_dicorynia/G-MANAGE/DBR_AFUOSDA_2_2_HNWVMDSX3.UDI082_clean.fastq.gz
DBR_AEB,APAT_01,G-MANAGE,Apatou,Cambium,Dicorynia_guianensis,/home/jbonnier/work/chapitre_5/raw_data/reference_genome/nuclear/Dgu_HS1_HYBRID_SCAFFOLD.fa,2,@RG\tID:DBR_AEB\tSM:DBR_AEB\tLB:G-MANAGE\tPL:ILLUMINA,/home/jbonnier/work/chapitre_5/raw_data/ind_dicorynia/G-MANAGE/DBR_AEBOSDA_2_1_HNWVMDSX3.UDI057_clean.fastq.gz,/home/jbonnier/work/chapitre_5/raw_data/ind_dicorynia/G-MANAGE/DBR_AEBOSDA_2_2_HNWVMDSX3.UDI057_clean.fastq.gz
DBR_AEZ,APAT_02,G-MANAGE,Apatou,Cambium,Dicorynia_guianensis,/home/jbonnier/work/chapitre_5/raw_data/reference_genome/nuclear/Dgu_HS1_HYBRID_SCAFFOLD.fa,2,@RG\tID:DBR_AEZ\tSM:DBR_AEZ\tLB:G-MANAGE\tPL:ILLUMINA,/home/jbonnier/work/chapitre_5/raw_data/ind_dicorynia/G-MANAGE/DBR_AEZOSDA_2_1_HNWVMDSX3.UDI072_clean.fastq.gz,/home/jbonnier/work/chapitre_5/raw_data/ind_dicorynia/G-MANAGE/DBR_AEZOSDA_2_2_HNWVMDSX3.UDI072_clean.fastq.gz
DBR_AFX,APAT_03,G-MANAGE,Apatou,Cambium,Dicorynia_guianensis,/home/jbonnier/work/chapitre_5/raw_data/reference_genome/nuclear/Dgu_HS1_HYBRID_SCAFFOLD.fa,2,@RG\tID:DBR_AFX\tSM:DBR_AFX\tLB:G-MANAGE\tPL:ILLUMINA,/home/jbonnier/work/chapitre_5/raw_data/ind_dicorynia/G-MANAGE/DBR_AFXOSDA_2_1_HNWVMDSX3.UDI083_clean.fastq.gz,/home/jbonnier/work/chapitre_5/raw_data/ind_dicorynia/G-MANAGE/DBR_AFXOSDA_2_2_HNWVMDSX3.UDI083_clean.fastq.gz
DBR_AGB,APAT_04,G-MANAGE,Apatou,Cambium,Dicorynia_guianensis,/home/jbonnier/work/chapitre_5/raw_data/reference_genome/nuclear/Dgu_HS1_HYBRID_SCAFFOLD.fa,2,@RG\tID:DBR_AGB\tSM:DBR_AGB\tLB:G-MANAGE\tPL:ILLUMINA,/home/jbonnier/work/chapitre_5/raw_data/ind_dicorynia/G-MANAGE/DBR_AGBOSDA_2_1_HNWVMDSX3.UDI036_clean.fastq.gz,/home/jbonnier/work/chapitre_5/raw_data/ind_dicorynia/G-MANAGE/DBR_AGBOSDA_2_2_HNWVMDSX3.UDI036_clean.fastq.gz
DBR_ACW,CCAO_01,G-MANAGE,Cacao,Cambium,Dicorynia_guianensis,/home/jbonnier/work/chapitre_5/raw_data/reference_genome/nuclear/Dgu_HS1_HYBRID_SCAFFOLD.fa,2,@RG\tID:DBR_ACW\tSM:DBR_ACW\tLB:G-MANAGE\tPL:ILLUMINA,/home/jbonnier/work/chapitre_5/raw_data/ind_dicorynia/G-MANAGE/DBR_ACWOSDA_2_1_HNWVMDSX3.UDI007_clean.fastq.gz,/home/jbonnier/work/chapitre_5/raw_data/ind_dicorynia/G-MANAGE/DBR_ACWOSDA_2_2_HNWVMDSX3.UDI007_clean.fastq.gz
DBR_ACX,CCAO_02,G-MANAGE,Cacao,Cambium,Dicorynia_guianensis,/home/jbonnier/work/chapitre_5/raw_data/reference_genome/nuclear/Dgu_HS1_HYBRID_SCAFFOLD.fa,2,@RG\tID:DBR_ACX\tSM:DBR_ACX\tLB:G-MANAGE\tPL:ILLUMINA,/home/jbonnier/work/chapitre_5/raw_data/ind_dicorynia/G-MANAGE/DBR_ACXOSDA_2_1_HNWVMDSX3.UDI008_clean.fastq.gz,/home/jbonnier/work/chapitre_5/raw_data/ind_dicorynia/G-MANAGE/DBR_ACXOSDA_2_2_HNWVMDSX3.UDI008_clean.fastq.gz
DBR_ADB,CCAO_03,G-MANAGE,Cacao,Cambium,Dicorynia_guianensis,/home/jbonnier/work/chapitre_5/raw_data/reference_genome/nuclear/Dgu_HS1_HYBRID_SCAFFOLD.fa,2,@RG\tID:DBR_ADB\tSM:DBR_ADB\tLB:G-MANAGE\tPL:ILLUMINA,/home/jbonnier/work/chapitre_5/raw_data/ind_dicorynia/G-MANAGE/DBR_ADBOSDA_2_1_HNWVMDSX3.UDI009_clean.fastq.gz,/home/jbonnier/work/chapitre_5/raw_data/ind_dicorynia/G-MANAGE/DBR_ADBOSDA_2_2_HNWVMDSX3.UDI009_clean.fastq.gz
DBR_AEV,CCAO_04,G-MANAGE,Cacao,Cambium,Dicorynia_guianensis,/home/jbonnier/work/chapitre_5/raw_data/reference_genome/nuclear/Dgu_HS1_HYBRID_SCAFFOLD.fa,2,@RG\tID:DBR_AEV\tSM:DBR_AEV\tLB:G-MANAGE\tPL:ILLUMINA,/home/jbonnier/work/chapitre_5/raw_data/ind_dicorynia/G-MANAGE/DBR_AEVOSDA_2_1_HNWVMDSX3.UDI095_clean.fastq.gz,/home/jbonnier/work/chapitre_5/raw_data/ind_dicorynia/G-MANAGE/DBR_AEVOSDA_2_2_HNWVMDSX3.UDI095_clean.fastq.gz
DBR_AFG,CCAO_05,G-MANAGE,Cacao,Cambium,Dicorynia_guianensis,/home/jbonnier/work/chapitre_5/raw_data/reference_genome/nuclear/Dgu_HS1_HYBRID_SCAFFOLD.fa,2,@RG\tID:DBR_AFG\tSM:DBR_AFG\tLB:G-MANAGE\tPL:ILLUMINA,/home/jbonnier/work/chapitre_5/raw_data/ind_dicorynia/G-MANAGE/DBR_AFGOSDA_2_1_HNWVMDSX3.UDI075_clean.fastq.gz,/home/jbonnier/work/chapitre_5/raw_data/ind_dicorynia/G-MANAGE/DBR_AFGOSDA_2_2_HNWVMDSX3.UDI075_clean.fastq.gz
DBR_AFH,CCAO_06,G-MANAGE,Cacao,Cambium,Dicorynia_guianensis,/home/jbonnier/work/chapitre_5/raw_data/reference_genome/nuclear/Dgu_HS1_HYBRID_SCAFFOLD.fa,2,@RG\tID:DBR_AFH\tSM:DBR_AFH\tLB:G-MANAGE\tPL:ILLUMINA,/home/jbonnier/work/chapitre_5/raw_data/ind_dicorynia/G-MANAGE/DBR_AFHOSDA_2_1_HNWVMDSX3.UDI002_clean.fastq.gz,/home/jbonnier/work/chapitre_5/raw_data/ind_dicorynia/G-MANAGE/DBR_AFHOSDA_2_2_HNWVMDSX3.UDI002_clean.fastq.gz
DBR_AGJ,DGED_01,Treemutation,St_georges,Feuille,Dicorynia_guianensis,/home/jbonnier/work/chapitre_5/raw_data/reference_genome/nuclear/Dgu_HS1_HYBRID_SCAFFOLD.fa,2,@RG\tID:DBR_AGJ\tSM:DBR_AGJ\tLB:Treemutation\tPL:ILLUMINA,/home/jbonnier/work/chapitre_5/raw_data/ind_dicorynia/G-MANAGE/DBR_AGJOSDA_2_1_HNWVMDSX3.UDI039_clean.fastq.gz,/home/jbonnier/work/chapitre_5/raw_data/ind_dicorynia/G-MANAGE/DBR_AGJOSDA_2_2_HNWVMDSX3.UDI039_clean.fastq.gz
DBR_AGK,DGED_04,Treemutation,St_georges,Feuille,Dicorynia_guianensis,/home/jbonnier/work/chapitre_5/raw_data/reference_genome/nuclear/Dgu_HS1_HYBRID_SCAFFOLD.fa,2,@RG\tID:DBR_AGK\tSM:DBR_AGK\tLB:Treemutation\tPL:ILLUMINA,/home/jbonnier/work/chapitre_5/raw_data/ind_dicorynia/G-MANAGE/DBR_AGKOSDA_2_1_HNWVMDSX3.UDI040_clean.fastq.gz,/home/jbonnier/work/chapitre_5/raw_data/ind_dicorynia/G-MANAGE/DBR_AGKOSDA_2_2_HNWVMDSX3.UDI040_clean.fastq.gz
DBR_AGL,DGED_07,Treemutation,St_georges,Cambium,Dicorynia_guianensis,/home/jbonnier/work/chapitre_5/raw_data/reference_genome/nuclear/Dgu_HS1_HYBRID_SCAFFOLD.fa,2,@RG\tID:DBR_AGL\tSM:DBR_AGL\tLB:Treemutation\tPL:ILLUMINA,/home/jbonnier/work/chapitre_5/raw_data/ind_dicorynia/G-MANAGE/DBR_AGLOSDA_2_1_HNWVMDSX3.UDI092_clean.fastq.gz,/home/jbonnier/work/chapitre_5/raw_data/ind_dicorynia/G-MANAGE/DBR_AGLOSDA_2_2_HNWVMDSX3.UDI092_clean.fastq.gz
DBR_AGM,DGED_08,Treemutation,St_georges,Feuille,Dicorynia_guianensis,/home/jbonnier/work/chapitre_5/raw_data/reference_genome/nuclear/Dgu_HS1_HYBRID_SCAFFOLD.fa,2,@RG\tID:DBR_AGM\tSM:DBR_AGM\tLB:Treemutation\tPL:ILLUMINA,/home/jbonnier/work/chapitre_5/raw_data/ind_dicorynia/G-MANAGE/DBR_AGMOSDA_2_1_HNWVMDSX3.UDI093_clean.fastq.gz,/home/jbonnier/work/chapitre_5/raw_data/ind_dicorynia/G-MANAGE/DBR_AGMOSDA_2_2_HNWVMDSX3.UDI093_clean.fastq.gz
DBR_ACY,MC87_01,G-MANAGE,MC_87,Cambium,Dicorynia_guianensis,/home/jbonnier/work/chapitre_5/raw_data/reference_genome/nuclear/Dgu_HS1_HYBRID_SCAFFOLD.fa,2,@RG\tID:DBR_ACY\tSM:DBR_ACY\tLB:G-MANAGE\tPL:ILLUMINA,/home/jbonnier/work/chapitre_5/raw_data/ind_dicorynia/G-MANAGE/DBR_ACYOSDA_2_1_HNWVMDSX3.UDI011_clean.fastq.gz,/home/jbonnier/work/chapitre_5/raw_data/ind_dicorynia/G-MANAGE/DBR_ACYOSDA_2_2_HNWVMDSX3.UDI011_clean.fastq.gz
DBR_ACZ,MC87_02,G-MANAGE,MC_87,Cambium,Dicorynia_guianensis,/home/jbonnier/work/chapitre_5/raw_data/reference_genome/nuclear/Dgu_HS1_HYBRID_SCAFFOLD.fa,2,@RG\tID:DBR_ACZ\tSM:DBR_ACZ\tLB:G-MANAGE\tPL:ILLUMINA,/home/jbonnier/work/chapitre_5/raw_data/ind_dicorynia/G-MANAGE/DBR_ACZOSDA_2_1_HNWVMDSX3.UDI041_clean.fastq.gz,/home/jbonnier/work/chapitre_5/raw_data/ind_dicorynia/G-MANAGE/DBR_ACZOSDA_2_2_HNWVMDSX3.UDI041_clean.fastq.gz
DBR_ADE,MC87_03,G-MANAGE,MC_87,Cambium,Dicorynia_guianensis,/home/jbonnier/work/chapitre_5/raw_data/reference_genome/nuclear/Dgu_HS1_HYBRID_SCAFFOLD.fa,2,@RG\tID:DBR_ADE\tSM:DBR_ADE\tLB:G-MANAGE\tPL:ILLUMINA,/home/jbonnier/work/chapitre_5/raw_data/ind_dicorynia/G-MANAGE/DBR_ADEOSDA_2_1_HNWVMDSX3.UDI012_clean.fastq.gz,/home/jbonnier/work/chapitre_5/raw_data/ind_dicorynia/G-MANAGE/DBR_ADEOSDA_2_2_HNWVMDSX3.UDI012_clean.fastq.gz
DBR_ADM,MC87_04,G-MANAGE,MC_87,Cambium,Dicorynia_guianensis,/home/jbonnier/work/chapitre_5/raw_data/reference_genome/nuclear/Dgu_HS1_HYBRID_SCAFFOLD.fa,2,@RG\tID:DBR_ADM\tSM:DBR_ADM\tLB:G-MANAGE\tPL:ILLUMINA,/home/jbonnier/work/chapitre_5/raw_data/ind_dicorynia/G-MANAGE/DBR_ADMOSDA_2_1_HNWVMDSX3.UDI048_clean.fastq.gz,/home/jbonnier/work/chapitre_5/raw_data/ind_dicorynia/G-MANAGE/DBR_ADMOSDA_2_2_HNWVMDSX3.UDI048_clean.fastq.gz
DBR_ADN,MC87_05,G-MANAGE,MC_87,Cambium,Dicorynia_guianensis,/home/jbonnier/work/chapitre_5/raw_data/reference_genome/nuclear/Dgu_HS1_HYBRID_SCAFFOLD.fa,2,@RG\tID:DBR_ADN\tSM:DBR_ADN\tLB:G-MANAGE\tPL:ILLUMINA,/home/jbonnier/work/chapitre_5/raw_data/ind_dicorynia/G-MANAGE/DBR_ADNOSDA_2_1_HNWVMDSX3.UDI049_clean.fastq.gz,/home/jbonnier/work/chapitre_5/raw_data/ind_dicorynia/G-MANAGE/DBR_ADNOSDA_2_2_HNWVMDSX3.UDI049_clean.fastq.gz
DBR_ADO,MC87_06,G-MANAGE,MC_87,Cambium,Dicorynia_guianensis,/home/jbonnier/work/chapitre_5/raw_data/reference_genome/nuclear/Dgu_HS1_HYBRID_SCAFFOLD.fa,2,@RG\tID:DBR_ADO\tSM:DBR_ADO\tLB:G-MANAGE\tPL:ILLUMINA,/home/jbonnier/work/chapitre_5/raw_data/ind_dicorynia/G-MANAGE/DBR_ADOOSDA_2_1_HNWVMDSX3.UDI050_clean.fastq.gz,/home/jbonnier/work/chapitre_5/raw_data/ind_dicorynia/G-MANAGE/DBR_ADOOSDA_2_2_HNWVMDSX3.UDI050_clean.fastq.gz
DBR_ADV,MC87_07,G-MANAGE,MC_87,Cambium,Dicorynia_guianensis,/home/jbonnier/work/chapitre_5/raw_data/reference_genome/nuclear/Dgu_HS1_HYBRID_SCAFFOLD.fa,2,@RG\tID:DBR_ADV\tSM:DBR_ADV\tLB:G-MANAGE\tPL:ILLUMINA,/home/jbonnier/work/chapitre_5/raw_data/ind_dicorynia/G-MANAGE/DBR_ADVOSDA_2_1_HNWVMDSX3.UDI010_clean.fastq.gz,/home/jbonnier/work/chapitre_5/raw_data/ind_dicorynia/G-MANAGE/DBR_ADVOSDA_2_2_HNWVMDSX3.UDI010_clean.fastq.gz
DBR_AFK,MC87_08,G-MANAGE,MC_87,Cambium,Dicorynia_guianensis,/home/jbonnier/work/chapitre_5/raw_data/reference_genome/nuclear/Dgu_HS1_HYBRID_SCAFFOLD.fa,2,@RG\tID:DBR_AFK\tSM:DBR_AFK\tLB:G-MANAGE\tPL:ILLUMINA,/home/jbonnier/work/chapitre_5/raw_data/ind_dicorynia/G-MANAGE/DBR_AFKOSDA_2_1_HNWVMDSX3.UDI029_clean.fastq.gz,/home/jbonnier/work/chapitre_5/raw_data/ind_dicorynia/G-MANAGE/DBR_AFKOSDA_2_2_HNWVMDSX3.UDI029_clean.fastq.gz
DBR_ADA,MC88_01,G-MANAGE,MC_88,Cambium,Dicorynia_guianensis,/home/jbonnier/work/chapitre_5/raw_data/reference_genome/nuclear/Dgu_HS1_HYBRID_SCAFFOLD.fa,2,@RG\tID:DBR_ADA\tSM:DBR_ADA\tLB:G-MANAGE\tPL:ILLUMINA,/home/jbonnier/work/chapitre_5/raw_data/ind_dicorynia/G-MANAGE/DBR_ADAOSDA_2_1_HNWVMDSX3.UDI042_clean.fastq.gz,/home/jbonnier/work/chapitre_5/raw_data/ind_dicorynia/G-MANAGE/DBR_ADAOSDA_2_2_HNWVMDSX3.UDI042_clean.fastq.gz
DBR_ADC,MC88_02,G-MANAGE,MC_88,Cambium,Dicorynia_guianensis,/home/jbonnier/work/chapitre_5/raw_data/reference_genome/nuclear/Dgu_HS1_HYBRID_SCAFFOLD.fa,2,@RG\tID:DBR_ADC\tSM:DBR_ADC\tLB:G-MANAGE\tPL:ILLUMINA,/home/jbonnier/work/chapitre_5/raw_data/ind_dicorynia/G-MANAGE/DBR_ADCOSDA_2_1_HNWVMDSX3.UDI043_clean.fastq.gz,/home/jbonnier/work/chapitre_5/raw_data/ind_dicorynia/G-MANAGE/DBR_ADCOSDA_2_2_HNWVMDSX3.UDI043_clean.fastq.gz
DBR_ADD,MC88_03,G-MANAGE,MC_88,Cambium,Dicorynia_guianensis,/home/jbonnier/work/chapitre_5/raw_data/reference_genome/nuclear/Dgu_HS1_HYBRID_SCAFFOLD.fa,2,@RG\tID:DBR_ADD\tSM:DBR_ADD\tLB:G-MANAGE\tPL:ILLUMINA,/home/jbonnier/work/chapitre_5/raw_data/ind_dicorynia/G-MANAGE/DBR_ADDOSDA_2_1_HNWVMDSX3.UDI044_clean.fastq.gz,/home/jbonnier/work/chapitre_5/raw_data/ind_dicorynia/G-MANAGE/DBR_ADDOSDA_2_2_HNWVMDSX3.UDI044_clean.fastq.gz
DBR_ADG,MC88_04,G-MANAGE,MC_88,Cambium,Dicorynia_guianensis,/home/jbonnier/work/chapitre_5/raw_data/reference_genome/nuclear/Dgu_HS1_HYBRID_SCAFFOLD.fa,2,@RG\tID:DBR_ADG\tSM:DBR_ADG\tLB:G-MANAGE\tPL:ILLUMINA,/home/jbonnier/work/chapitre_5/raw_data/ind_dicorynia/G-MANAGE/DBR_ADGOSDA_2_1_HNWVMDSX3.UDI045_clean.fastq.gz,/home/jbonnier/work/chapitre_5/raw_data/ind_dicorynia/G-MANAGE/DBR_ADGOSDA_2_2_HNWVMDSX3.UDI045_clean.fastq.gz
DBR_AED,MC88_05,G-MANAGE,MC_88,Cambium,Dicorynia_guianensis,/home/jbonnier/work/chapitre_5/raw_data/reference_genome/nuclear/Dgu_HS1_HYBRID_SCAFFOLD.fa,2,@RG\tID:DBR_AED\tSM:DBR_AED\tLB:G-MANAGE\tPL:ILLUMINA,/home/jbonnier/work/chapitre_5/raw_data/ind_dicorynia/G-MANAGE/DBR_AEDOSDA_2_1_HNWVMDSX3.UDI059_clean.fastq.gz,/home/jbonnier/work/chapitre_5/raw_data/ind_dicorynia/G-MANAGE/DBR_AEDOSDA_2_2_HNWVMDSX3.UDI059_clean.fastq.gz
DBR_AEG,MC88_06,G-MANAGE,MC_88,Cambium,Dicorynia_guianensis,/home/jbonnier/work/chapitre_5/raw_data/reference_genome/nuclear/Dgu_HS1_HYBRID_SCAFFOLD.fa,2,@RG\tID:DBR_AEG\tSM:DBR_AEG\tLB:G-MANAGE\tPL:ILLUMINA,/home/jbonnier/work/chapitre_5/raw_data/ind_dicorynia/G-MANAGE/DBR_AEGOSDA_2_1_HNWVMDSX3.UDI004_clean.fastq.gz,/home/jbonnier/work/chapitre_5/raw_data/ind_dicorynia/G-MANAGE/DBR_AEGOSDA_2_2_HNWVMDSX3.UDI004_clean.fastq.gz
DBR_AEN,MC88_07,G-MANAGE,MC_88,Cambium,Dicorynia_guianensis,/home/jbonnier/work/chapitre_5/raw_data/reference_genome/nuclear/Dgu_HS1_HYBRID_SCAFFOLD.fa,2,@RG\tID:DBR_AEN\tSM:DBR_AEN\tLB:G-MANAGE\tPL:ILLUMINA,/home/jbonnier/work/chapitre_5/raw_data/ind_dicorynia/G-MANAGE/DBR_AENOSDA_2_1_HNWVMDSX3.UDI066_clean.fastq.gz,/home/jbonnier/work/chapitre_5/raw_data/ind_dicorynia/G-MANAGE/DBR_AENOSDA_2_2_HNWVMDSX3.UDI066_clean.fastq.gz
DBR_AEW,MC88_08,G-MANAGE,MC_88,Cambium,Dicorynia_guianensis,/home/jbonnier/work/chapitre_5/raw_data/reference_genome/nuclear/Dgu_HS1_HYBRID_SCAFFOLD.fa,2,@RG\tID:DBR_AEW\tSM:DBR_AEW\tLB:G-MANAGE\tPL:ILLUMINA,/home/jbonnier/work/chapitre_5/raw_data/ind_dicorynia/G-MANAGE/DBR_AEWOSDA_2_1_HNWVMDSX3.UDI071_clean.fastq.gz,/home/jbonnier/work/chapitre_5/raw_data/ind_dicorynia/G-MANAGE/DBR_AEWOSDA_2_2_HNWVMDSX3.UDI071_clean.fastq.gz
DBR_ADQ,NOPP_01,G-MANAGE,Nouragues_Inselberg,Cambium,Dicorynia_guianensis,/home/jbonnier/work/chapitre_5/raw_data/reference_genome/nuclear/Dgu_HS1_HYBRID_SCAFFOLD.fa,2,@RG\tID:DBR_ADQ\tSM:DBR_ADQ\tLB:G-MANAGE\tPL:ILLUMINA,/home/jbonnier/work/chapitre_5/raw_data/ind_dicorynia/G-MANAGE/DBR_ADQOSDA_2_1_HNWVMDSX3.UDI017_clean.fastq.gz,/home/jbonnier/work/chapitre_5/raw_data/ind_dicorynia/G-MANAGE/DBR_ADQOSDA_2_2_HNWVMDSX3.UDI017_clean.fastq.gz
DBR_AEI,NOPP_02,G-MANAGE,Nouragues_Inselberg,Cambium,Dicorynia_guianensis,/home/jbonnier/work/chapitre_5/raw_data/reference_genome/nuclear/Dgu_HS1_HYBRID_SCAFFOLD.fa,2,@RG\tID:DBR_AEI\tSM:DBR_AEI\tLB:G-MANAGE\tPL:ILLUMINA,/home/jbonnier/work/chapitre_5/raw_data/ind_dicorynia/G-MANAGE/DBR_AEIOSDA_2_1_HNWVMDSX3.UDI062_clean.fastq.gz,/home/jbonnier/work/chapitre_5/raw_data/ind_dicorynia/G-MANAGE/DBR_AEIOSDA_2_2_HNWVMDSX3.UDI062_clean.fastq.gz
DBR_AEM,NOPP_03,G-MANAGE,Nouragues_Inselberg,Cambium,Dicorynia_guianensis,/home/jbonnier/work/chapitre_5/raw_data/reference_genome/nuclear/Dgu_HS1_HYBRID_SCAFFOLD.fa,2,@RG\tID:DBR_AEM\tSM:DBR_AEM\tLB:G-MANAGE\tPL:ILLUMINA,/home/jbonnier/work/chapitre_5/raw_data/ind_dicorynia/G-MANAGE/DBR_AEMOSDA_2_1_HNWVMDSX3.UDI065_clean.fastq.gz,/home/jbonnier/work/chapitre_5/raw_data/ind_dicorynia/G-MANAGE/DBR_AEMOSDA_2_2_HNWVMDSX3.UDI065_clean.fastq.gz
DBR_AER,NOPP_04,G-MANAGE,Nouragues_Inselberg,Cambium,Dicorynia_guianensis,/home/jbonnier/work/chapitre_5/raw_data/reference_genome/nuclear/Dgu_HS1_HYBRID_SCAFFOLD.fa,2,@RG\tID:DBR_AER\tSM:DBR_AER\tLB:G-MANAGE\tPL:ILLUMINA,/home/jbonnier/work/chapitre_5/raw_data/ind_dicorynia/G-MANAGE/DBR_AEROSDA_2_1_HNWVMDSX3.UDI068_clean.fastq.gz,/home/jbonnier/work/chapitre_5/raw_data/ind_dicorynia/G-MANAGE/DBR_AEROSDA_2_2_HNWVMDSX3.UDI068_clean.fastq.gz
DBR_AEU,NOPP_05,G-MANAGE,Nouragues_Inselberg,Cambium,Dicorynia_guianensis,/home/jbonnier/work/chapitre_5/raw_data/reference_genome/nuclear/Dgu_HS1_HYBRID_SCAFFOLD.fa,2,@RG\tID:DBR_AEU\tSM:DBR_AEU\tLB:G-MANAGE\tPL:ILLUMINA,/home/jbonnier/work/chapitre_5/raw_data/ind_dicorynia/G-MANAGE/DBR_AEUOSDA_2_1_HNWVMDSX3.UDI070_clean.fastq.gz,/home/jbonnier/work/chapitre_5/raw_data/ind_dicorynia/G-MANAGE/DBR_AEUOSDA_2_2_HNWVMDSX3.UDI070_clean.fastq.gz
DBR_AFA,NOPP_06,G-MANAGE,Nouragues_Inselberg,Cambium,Dicorynia_guianensis,/home/jbonnier/work/chapitre_5/raw_data/reference_genome/nuclear/Dgu_HS1_HYBRID_SCAFFOLD.fa,2,@RG\tID:DBR_AFA\tSM:DBR_AFA\tLB:G-MANAGE\tPL:ILLUMINA,/home/jbonnier/work/chapitre_5/raw_data/ind_dicorynia/G-MANAGE/DBR_AFAOSDA_2_1_HNWVMDSX3.UDI073_clean.fastq.gz,/home/jbonnier/work/chapitre_5/raw_data/ind_dicorynia/G-MANAGE/DBR_AFAOSDA_2_2_HNWVMDSX3.UDI073_clean.fastq.gz
DBR_AFB,NOPP_07,G-MANAGE,Nouragues_Inselberg,Cambium,Dicorynia_guianensis,/home/jbonnier/work/chapitre_5/raw_data/reference_genome/nuclear/Dgu_HS1_HYBRID_SCAFFOLD.fa,2,@RG\tID:DBR_AFB\tSM:DBR_AFB\tLB:G-MANAGE\tPL:ILLUMINA,/home/jbonnier/work/chapitre_5/raw_data/ind_dicorynia/G-MANAGE/DBR_AFBOSDA_2_1_HNWVMDSX3.UDI025_clean.fastq.gz,/home/jbonnier/work/chapitre_5/raw_data/ind_dicorynia/G-MANAGE/DBR_AFBOSDA_2_2_HNWVMDSX3.UDI025_clean.fastq.gz
DBR_AFE,NOPP_08,G-MANAGE,Nouragues_Inselberg,Cambium,Dicorynia_guianensis,/home/jbonnier/work/chapitre_5/raw_data/reference_genome/nuclear/Dgu_HS1_HYBRID_SCAFFOLD.fa,2,@RG\tID:DBR_AFE\tSM:DBR_AFE\tLB:G-MANAGE\tPL:ILLUMINA,/home/jbonnier/work/chapitre_5/raw_data/ind_dicorynia/G-MANAGE/DBR_AFEOSDA_2_1_HNWVMDSX3.UDI028_clean.fastq.gz,/home/jbonnier/work/chapitre_5/raw_data/ind_dicorynia/G-MANAGE/DBR_AFEOSDA_2_2_HNWVMDSX3.UDI028_clean.fastq.gz
DBR_AFI,NOPP_09,G-MANAGE,Nouragues_Inselberg,Cambium,Dicorynia_guianensis,/home/jbonnier/work/chapitre_5/raw_data/reference_genome/nuclear/Dgu_HS1_HYBRID_SCAFFOLD.fa,2,@RG\tID:DBR_AFI\tSM:DBR_AFI\tLB:G-MANAGE\tPL:ILLUMINA,/home/jbonnier/work/chapitre_5/raw_data/ind_dicorynia/G-MANAGE/DBR_AFIOSDA_2_1_HNWVMDSX3.UDI076_clean.fastq.gz,/home/jbonnier/work/chapitre_5/raw_data/ind_dicorynia/G-MANAGE/DBR_AFIOSDA_2_2_HNWVMDSX3.UDI076_clean.fastq.gz
DBR_AFJ,NOPP_10,G-MANAGE,Nouragues_Inselberg,Cambium,Dicorynia_guianensis,/home/jbonnier/work/chapitre_5/raw_data/reference_genome/nuclear/Dgu_HS1_HYBRID_SCAFFOLD.fa,2,@RG\tID:DBR_AFJ\tSM:DBR_AFJ\tLB:G-MANAGE\tPL:ILLUMINA,/home/jbonnier/work/chapitre_5/raw_data/ind_dicorynia/G-MANAGE/DBR_AFJOSDA_2_1_HNWVMDSX3.UDI077_clean.fastq.gz,/home/jbonnier/work/chapitre_5/raw_data/ind_dicorynia/G-MANAGE/DBR_AFJOSDA_2_2_HNWVMDSX3.UDI077_clean.fastq.gz
DBR_AFO,NOPP_11,G-MANAGE,Nouragues_Inselberg,Cambium,Dicorynia_guianensis,/home/jbonnier/work/chapitre_5/raw_data/reference_genome/nuclear/Dgu_HS1_HYBRID_SCAFFOLD.fa,2,@RG\tID:DBR_AFO\tSM:DBR_AFO\tLB:G-MANAGE\tPL:ILLUMINA,/home/jbonnier/work/chapitre_5/raw_data/ind_dicorynia/G-MANAGE/DBR_AFOOSDA_2_1_HNWVMDSX3.UDI096_clean.fastq.gz,/home/jbonnier/work/chapitre_5/raw_data/ind_dicorynia/G-MANAGE/DBR_AFOOSDA_2_2_HNWVMDSX3.UDI096_clean.fastq.gz
DBR_AFS,NOPP_12,G-MANAGE,Nouragues_Inselberg,Cambium,Dicorynia_guianensis,/home/jbonnier/work/chapitre_5/raw_data/reference_genome/nuclear/Dgu_HS1_HYBRID_SCAFFOLD.fa,2,@RG\tID:DBR_AFS\tSM:DBR_AFS\tLB:G-MANAGE\tPL:ILLUMINA,/home/jbonnier/work/chapitre_5/raw_data/ind_dicorynia/G-MANAGE/DBR_AFSOSDA_2_1_HNWVMDSX3.UDI081_clean.fastq.gz,/home/jbonnier/work/chapitre_5/raw_data/ind_dicorynia/G-MANAGE/DBR_AFSOSDA_2_2_HNWVMDSX3.UDI081_clean.fastq.gz
DBR_AFT,NOPP_13,G-MANAGE,Nouragues_Inselberg,Cambium,Dicorynia_guianensis,/home/jbonnier/work/chapitre_5/raw_data/reference_genome/nuclear/Dgu_HS1_HYBRID_SCAFFOLD.fa,2,@RG\tID:DBR_AFT\tSM:DBR_AFT\tLB:G-MANAGE\tPL:ILLUMINA,/home/jbonnier/work/chapitre_5/raw_data/ind_dicorynia/G-MANAGE/DBR_AFTOSDA_2_1_HNWVMDSX3.UDI033_clean.fastq.gz,/home/jbonnier/work/chapitre_5/raw_data/ind_dicorynia/G-MANAGE/DBR_AFTOSDA_2_2_HNWVMDSX3.UDI033_clean.fastq.gz
DBR_AGD,NOPP_14,G-MANAGE,Nouragues_Inselberg,Cambium,Dicorynia_guianensis,/home/jbonnier/work/chapitre_5/raw_data/reference_genome/nuclear/Dgu_HS1_HYBRID_SCAFFOLD.fa,2,@RG\tID:DBR_AGD\tSM:DBR_AGD\tLB:G-MANAGE\tPL:ILLUMINA,/home/jbonnier/work/chapitre_5/raw_data/ind_dicorynia/G-MANAGE/DBR_AGDOSDA_2_1_HNWVMDSX3.UDI037_clean.fastq.gz,/home/jbonnier/work/chapitre_5/raw_data/ind_dicorynia/G-MANAGE/DBR_AGDOSDA_2_2_HNWVMDSX3.UDI037_clean.fastq.gz
DBR_AGH,NOPP_15,G-MANAGE,Nouragues_Inselberg,Cambium,Dicorynia_guianensis,/home/jbonnier/work/chapitre_5/raw_data/reference_genome/nuclear/Dgu_HS1_HYBRID_SCAFFOLD.fa,2,@RG\tID:DBR_AGH\tSM:DBR_AGH\tLB:G-MANAGE\tPL:ILLUMINA,/home/jbonnier/work/chapitre_5/raw_data/ind_dicorynia/G-MANAGE/DBR_AGHOSDA_2_1_HNWVMDSX3.UDI090_clean.fastq.gz,/home/jbonnier/work/chapitre_5/raw_data/ind_dicorynia/G-MANAGE/DBR_AGHOSDA_2_2_HNWVMDSX3.UDI090_clean.fastq.gz
DBR_ADF,PK90_01,G-MANAGE,Regina,Cambium,Dicorynia_guianensis,/home/jbonnier/work/chapitre_5/raw_data/reference_genome/nuclear/Dgu_HS1_HYBRID_SCAFFOLD.fa,2,@RG\tID:DBR_ADF\tSM:DBR_ADF\tLB:G-MANAGE\tPL:ILLUMINA,/home/jbonnier/work/chapitre_5/raw_data/ind_dicorynia/G-MANAGE/DBR_ADFOSDA_2_1_HNWVMDSX3.UDI013_clean.fastq.gz,/home/jbonnier/work/chapitre_5/raw_data/ind_dicorynia/G-MANAGE/DBR_ADFOSDA_2_2_HNWVMDSX3.UDI013_clean.fastq.gz
DBR_ADT,PK90_02,G-MANAGE,Regina,Cambium,Dicorynia_guianensis,/home/jbonnier/work/chapitre_5/raw_data/reference_genome/nuclear/Dgu_HS1_HYBRID_SCAFFOLD.fa,2,@RG\tID:DBR_ADT\tSM:DBR_ADT\tLB:G-MANAGE\tPL:ILLUMINA,/home/jbonnier/work/chapitre_5/raw_data/ind_dicorynia/G-MANAGE/DBR_ADTOSDA_2_1_HNWVMDSX3.UDI052_clean.fastq.gz,/home/jbonnier/work/chapitre_5/raw_data/ind_dicorynia/G-MANAGE/DBR_ADTOSDA_2_2_HNWVMDSX3.UDI052_clean.fastq.gz
DBR_AEL,PK90_03,G-MANAGE,Regina,Cambium,Dicorynia_guianensis,/home/jbonnier/work/chapitre_5/raw_data/reference_genome/nuclear/Dgu_HS1_HYBRID_SCAFFOLD.fa,2,@RG\tID:DBR_AEL\tSM:DBR_AEL\tLB:G-MANAGE\tPL:ILLUMINA,/home/jbonnier/work/chapitre_5/raw_data/ind_dicorynia/G-MANAGE/DBR_AELOSDA_2_1_HNWVMDSX3.UDI064_clean.fastq.gz,/home/jbonnier/work/chapitre_5/raw_data/ind_dicorynia/G-MANAGE/DBR_AELOSDA_2_2_HNWVMDSX3.UDI064_clean.fastq.gz
DBR_AEQ,PK90_04,G-MANAGE,Regina,Cambium,Dicorynia_guianensis,/home/jbonnier/work/chapitre_5/raw_data/reference_genome/nuclear/Dgu_HS1_HYBRID_SCAFFOLD.fa,2,@RG\tID:DBR_AEQ\tSM:DBR_AEQ\tLB:G-MANAGE\tPL:ILLUMINA,/home/jbonnier/work/chapitre_5/raw_data/ind_dicorynia/G-MANAGE/DBR_AEQOSDA_2_1_HNWVMDSX3.UDI067_clean.fastq.gz,/home/jbonnier/work/chapitre_5/raw_data/ind_dicorynia/G-MANAGE/DBR_AEQOSDA_2_2_HNWVMDSX3.UDI067_clean.fastq.gz
DBR_AGA,PK90_05,G-MANAGE,Regina,Cambium,Dicorynia_guianensis,/home/jbonnier/work/chapitre_5/raw_data/reference_genome/nuclear/Dgu_HS1_HYBRID_SCAFFOLD.fa,2,@RG\tID:DBR_AGA\tSM:DBR_AGA\tLB:G-MANAGE\tPL:ILLUMINA,/home/jbonnier/work/chapitre_5/raw_data/ind_dicorynia/G-MANAGE/DBR_AGAOSDA_2_1_HNWVMDSX3.UDI035_clean.fastq.gz,/home/jbonnier/work/chapitre_5/raw_data/ind_dicorynia/G-MANAGE/DBR_AGAOSDA_2_2_HNWVMDSX3.UDI035_clean.fastq.gz
DBR_ADX,RAPA_01,G-MANAGE,Apatou,Cambium,Dicorynia_guianensis,/home/jbonnier/work/chapitre_5/raw_data/reference_genome/nuclear/Dgu_HS1_HYBRID_SCAFFOLD.fa,2,@RG\tID:DBR_ADX\tSM:DBR_ADX\tLB:G-MANAGE\tPL:ILLUMINA,/home/jbonnier/work/chapitre_5/raw_data/ind_dicorynia/G-MANAGE/DBR_ADXOSDA_2_1_HNWVMDSX3.UDI054_clean.fastq.gz,/home/jbonnier/work/chapitre_5/raw_data/ind_dicorynia/G-MANAGE/DBR_ADXOSDA_2_2_HNWVMDSX3.UDI054_clean.fastq.gz
DBR_AEA,RAPA_02,G-MANAGE,Apatou,Cambium,Dicorynia_guianensis,/home/jbonnier/work/chapitre_5/raw_data/reference_genome/nuclear/Dgu_HS1_HYBRID_SCAFFOLD.fa,2,@RG\tID:DBR_AEA\tSM:DBR_AEA\tLB:G-MANAGE\tPL:ILLUMINA,/home/jbonnier/work/chapitre_5/raw_data/ind_dicorynia/G-MANAGE/DBR_AEAOSDA_2_1_HNWVMDSX3.UDI003_clean.fastq.gz,/home/jbonnier/work/chapitre_5/raw_data/ind_dicorynia/G-MANAGE/DBR_AEAOSDA_2_2_HNWVMDSX3.UDI003_clean.fastq.gz
DBR_AFF,RAPA_03,G-MANAGE,Apatou,Cambium,Dicorynia_guianensis,/home/jbonnier/work/chapitre_5/raw_data/reference_genome/nuclear/Dgu_HS1_HYBRID_SCAFFOLD.fa,2,@RG\tID:DBR_AFF\tSM:DBR_AFF\tLB:G-MANAGE\tPL:ILLUMINA,/home/jbonnier/work/chapitre_5/raw_data/ind_dicorynia/G-MANAGE/DBR_AFFOSDA_2_1_HNWVMDSX3.UDI074_clean.fastq.gz,/home/jbonnier/work/chapitre_5/raw_data/ind_dicorynia/G-MANAGE/DBR_AFFOSDA_2_2_HNWVMDSX3.UDI074_clean.fastq.gz
DBR_AFL,RAPA_04,G-MANAGE,Apatou,Cambium,Dicorynia_guianensis,/home/jbonnier/work/chapitre_5/raw_data/reference_genome/nuclear/Dgu_HS1_HYBRID_SCAFFOLD.fa,2,@RG\tID:DBR_AFL\tSM:DBR_AFL\tLB:G-MANAGE\tPL:ILLUMINA,/home/jbonnier/work/chapitre_5/raw_data/ind_dicorynia/G-MANAGE/DBR_AFLOSDA_2_1_HNWVMDSX3.UDI078_clean.fastq.gz,/home/jbonnier/work/chapitre_5/raw_data/ind_dicorynia/G-MANAGE/DBR_AFLOSDA_2_2_HNWVMDSX3.UDI078_clean.fastq.gz
DBR_AEC,REGI_01,G-MANAGE,Regina,Cambium,Dicorynia_guianensis,/home/jbonnier/work/chapitre_5/raw_data/reference_genome/nuclear/Dgu_HS1_HYBRID_SCAFFOLD.fa,2,@RG\tID:DBR_AEC\tSM:DBR_AEC\tLB:G-MANAGE\tPL:ILLUMINA,/home/jbonnier/work/chapitre_5/raw_data/ind_dicorynia/G-MANAGE/DBR_AECOSDA_2_1_HNWVMDSX3.UDI058_clean.fastq.gz,/home/jbonnier/work/chapitre_5/raw_data/ind_dicorynia/G-MANAGE/DBR_AECOSDA_2_2_HNWVMDSX3.UDI058_clean.fastq.gz
DBR_AGE,REGI_02,G-MANAGE,Regina,Cambium,Dicorynia_guianensis,/home/jbonnier/work/chapitre_5/raw_data/reference_genome/nuclear/Dgu_HS1_HYBRID_SCAFFOLD.fa,2,@RG\tID:DBR_AGE\tSM:DBR_AGE\tLB:G-MANAGE\tPL:ILLUMINA,/home/jbonnier/work/chapitre_5/raw_data/ind_dicorynia/G-MANAGE/DBR_AGEOSDA_2_1_HNWVMDSX3.UDI088_clean.fastq.gz,/home/jbonnier/work/chapitre_5/raw_data/ind_dicorynia/G-MANAGE/DBR_AGEOSDA_2_2_HNWVMDSX3.UDI088_clean.fastq.gz
DBR_AGI,REGI_03,G-MANAGE,Regina,Cambium,Dicorynia_guianensis,/home/jbonnier/work/chapitre_5/raw_data/reference_genome/nuclear/Dgu_HS1_HYBRID_SCAFFOLD.fa,2,@RG\tID:DBR_AGI\tSM:DBR_AGI\tLB:G-MANAGE\tPL:ILLUMINA,/home/jbonnier/work/chapitre_5/raw_data/ind_dicorynia/G-MANAGE/DBR_AGIOSDA_2_1_HNWVMDSX3.UDI091_clean.fastq.gz,/home/jbonnier/work/chapitre_5/raw_data/ind_dicorynia/G-MANAGE/DBR_AGIOSDA_2_2_HNWVMDSX3.UDI091_clean.fastq.gz
DBR_ADJ,SLAV_01,G-MANAGE,Saut_Lavilette,Cambium,Dicorynia_guianensis,/home/jbonnier/work/chapitre_5/raw_data/reference_genome/nuclear/Dgu_HS1_HYBRID_SCAFFOLD.fa,2,@RG\tID:DBR_ADJ\tSM:DBR_ADJ\tLB:G-MANAGE\tPL:ILLUMINA,/home/jbonnier/work/chapitre_5/raw_data/ind_dicorynia/G-MANAGE/DBR_ADJOSDA_2_1_HNWVMDSX3.UDI047_clean.fastq.gz,/home/jbonnier/work/chapitre_5/raw_data/ind_dicorynia/G-MANAGE/DBR_ADJOSDA_2_2_HNWVMDSX3.UDI047_clean.fastq.gz
DBR_ADK,SLAV_02,G-MANAGE,Saut_Lavilette,Cambium,Dicorynia_guianensis,/home/jbonnier/work/chapitre_5/raw_data/reference_genome/nuclear/Dgu_HS1_HYBRID_SCAFFOLD.fa,2,@RG\tID:DBR_ADK\tSM:DBR_ADK\tLB:G-MANAGE\tPL:ILLUMINA,/home/jbonnier/work/chapitre_5/raw_data/ind_dicorynia/G-MANAGE/DBR_ADKOSDA_2_1_HNWVMDSX3.UDI015_clean.fastq.gz,/home/jbonnier/work/chapitre_5/raw_data/ind_dicorynia/G-MANAGE/DBR_ADKOSDA_2_2_HNWVMDSX3.UDI015_clean.fastq.gz
DBR_ADL,SLAV_03,G-MANAGE,Saut_Lavilette,Cambium,Dicorynia_guianensis,/home/jbonnier/work/chapitre_5/raw_data/reference_genome/nuclear/Dgu_HS1_HYBRID_SCAFFOLD.fa,2,@RG\tID:DBR_ADL\tSM:DBR_ADL\tLB:G-MANAGE\tPL:ILLUMINA,/home/jbonnier/work/chapitre_5/raw_data/ind_dicorynia/G-MANAGE/DBR_ADLOSDA_2_1_HNWVMDSX3.UDI001_clean.fastq.gz,/home/jbonnier/work/chapitre_5/raw_data/ind_dicorynia/G-MANAGE/DBR_ADLOSDA_2_2_HNWVMDSX3.UDI001_clean.fastq.gz
DBR_ADP,SLAV_04,G-MANAGE,Saut_Lavilette,Cambium,Dicorynia_guianensis,/home/jbonnier/work/chapitre_5/raw_data/reference_genome/nuclear/Dgu_HS1_HYBRID_SCAFFOLD.fa,2,@RG\tID:DBR_ADP\tSM:DBR_ADP\tLB:G-MANAGE\tPL:ILLUMINA,/home/jbonnier/work/chapitre_5/raw_data/ind_dicorynia/G-MANAGE/DBR_ADPOSDA_2_1_HNWVMDSX3.UDI016_clean.fastq.gz,/home/jbonnier/work/chapitre_5/raw_data/ind_dicorynia/G-MANAGE/DBR_ADPOSDA_2_2_HNWVMDSX3.UDI016_clean.fastq.gz
DBR_ADZ,SLAV_05,G-MANAGE,Saut_Lavilette,Cambium,Dicorynia_guianensis,/home/jbonnier/work/chapitre_5/raw_data/reference_genome/nuclear/Dgu_HS1_HYBRID_SCAFFOLD.fa,2,@RG\tID:DBR_ADZ\tSM:DBR_ADZ\tLB:G-MANAGE\tPL:ILLUMINA,/home/jbonnier/work/chapitre_5/raw_data/ind_dicorynia/G-MANAGE/DBR_ADZOSDA_2_1_HNWVMDSX3.UDI056B_clean.fastq.gz,/home/jbonnier/work/chapitre_5/raw_data/ind_dicorynia/G-MANAGE/DBR_ADZOSDA_2_2_HNWVMDSX3.UDI056B_clean.fastq.gz
DBR_AET,SLAV_06,G-MANAGE,Saut_Lavilette,Cambium,Dicorynia_guianensis,/home/jbonnier/work/chapitre_5/raw_data/reference_genome/nuclear/Dgu_HS1_HYBRID_SCAFFOLD.fa,2,@RG\tID:DBR_AET\tSM:DBR_AET\tLB:G-MANAGE\tPL:ILLUMINA,/home/jbonnier/work/chapitre_5/raw_data/ind_dicorynia/G-MANAGE/DBR_AETOSDA_2_1_HNWVMDSX3.UDI022_clean.fastq.gz,/home/jbonnier/work/chapitre_5/raw_data/ind_dicorynia/G-MANAGE/DBR_AETOSDA_2_2_HNWVMDSX3.UDI022_clean.fastq.gz
DBR_AFV,SLAV_07,G-MANAGE,Saut_Lavilette,Cambium,Dicorynia_guianensis,/home/jbonnier/work/chapitre_5/raw_data/reference_genome/nuclear/Dgu_HS1_HYBRID_SCAFFOLD.fa,2,@RG\tID:DBR_AFV\tSM:DBR_AFV\tLB:G-MANAGE\tPL:ILLUMINA,/home/jbonnier/work/chapitre_5/raw_data/ind_dicorynia/G-MANAGE/DBR_AFVOSDA_2_1_HNWVMDSX3.UDI006_clean.fastq.gz,/home/jbonnier/work/chapitre_5/raw_data/ind_dicorynia/G-MANAGE/DBR_AFVOSDA_2_2_HNWVMDSX3.UDI006_clean.fastq.gz
DBR_AFW,SLAV_08,G-MANAGE,Saut_Lavilette,Cambium,Dicorynia_guianensis,/home/jbonnier/work/chapitre_5/raw_data/reference_genome/nuclear/Dgu_HS1_HYBRID_SCAFFOLD.fa,2,@RG\tID:DBR_AFW\tSM:DBR_AFW\tLB:G-MANAGE\tPL:ILLUMINA,/home/jbonnier/work/chapitre_5/raw_data/ind_dicorynia/G-MANAGE/DBR_AFWOSDA_2_1_HNWVMDSX3.UDI034_clean.fastq.gz,/home/jbonnier/work/chapitre_5/raw_data/ind_dicorynia/G-MANAGE/DBR_AFWOSDA_2_2_HNWVMDSX3.UDI034_clean.fastq.gz
DBR_AEJ,STEL_01,G-MANAGE,Piste_St_Elie,Cambium,Dicorynia_guianensis,/home/jbonnier/work/chapitre_5/raw_data/reference_genome/nuclear/Dgu_HS1_HYBRID_SCAFFOLD.fa,2,@RG\tID:DBR_AEJ\tSM:DBR_AEJ\tLB:G-MANAGE\tPL:ILLUMINA,/home/jbonnier/work/chapitre_5/raw_data/ind_dicorynia/G-MANAGE/DBR_AEJOSDA_2_1_HNWVMDSX3.UDI063_clean.fastq.gz,/home/jbonnier/work/chapitre_5/raw_data/ind_dicorynia/G-MANAGE/DBR_AEJOSDA_2_2_HNWVMDSX3.UDI063_clean.fastq.gz
DBR_AEO,STEL_02,G-MANAGE,Piste_St_Elie,Cambium,Dicorynia_guianensis,/home/jbonnier/work/chapitre_5/raw_data/reference_genome/nuclear/Dgu_HS1_HYBRID_SCAFFOLD.fa,2,@RG\tID:DBR_AEO\tSM:DBR_AEO\tLB:G-MANAGE\tPL:ILLUMINA,/home/jbonnier/work/chapitre_5/raw_data/ind_dicorynia/G-MANAGE/DBR_AEOOSDA_2_1_HNWVMDSX3.UDI020_clean.fastq.gz,/home/jbonnier/work/chapitre_5/raw_data/ind_dicorynia/G-MANAGE/DBR_AEOOSDA_2_2_HNWVMDSX3.UDI020_clean.fastq.gz
DBR_AEX,STEL_03,G-MANAGE,Piste_St_Elie,Cambium,Dicorynia_guianensis,/home/jbonnier/work/chapitre_5/raw_data/reference_genome/nuclear/Dgu_HS1_HYBRID_SCAFFOLD.fa,2,@RG\tID:DBR_AEX\tSM:DBR_AEX\tLB:G-MANAGE\tPL:ILLUMINA,/home/jbonnier/work/chapitre_5/raw_data/ind_dicorynia/G-MANAGE/DBR_AEXOSDA_2_1_HNWVMDSX3.UDI023_clean.fastq.gz,/home/jbonnier/work/chapitre_5/raw_data/ind_dicorynia/G-MANAGE/DBR_AEXOSDA_2_2_HNWVMDSX3.UDI023_clean.fastq.gz
DBR_AFD,STEL_04,G-MANAGE,Piste_St_Elie,Cambium,Dicorynia_guianensis,/home/jbonnier/work/chapitre_5/raw_data/reference_genome/nuclear/Dgu_HS1_HYBRID_SCAFFOLD.fa,2,@RG\tID:DBR_AFD\tSM:DBR_AFD\tLB:G-MANAGE\tPL:ILLUMINA,/home/jbonnier/work/chapitre_5/raw_data/ind_dicorynia/G-MANAGE/DBR_AFDOSDA_2_1_HNWVMDSX3.UDI027_clean.fastq.gz,/home/jbonnier/work/chapitre_5/raw_data/ind_dicorynia/G-MANAGE/DBR_AFDOSDA_2_2_HNWVMDSX3.UDI027_clean.fastq.gz
DBR_AFM,STEL_05,G-MANAGE,Piste_St_Elie,Cambium,Dicorynia_guianensis,/home/jbonnier/work/chapitre_5/raw_data/reference_genome/nuclear/Dgu_HS1_HYBRID_SCAFFOLD.fa,2,@RG\tID:DBR_AFM\tSM:DBR_AFM\tLB:G-MANAGE\tPL:ILLUMINA,/home/jbonnier/work/chapitre_5/raw_data/ind_dicorynia/G-MANAGE/DBR_AFMOSDA_2_1_HNWVMDSX3.UDI079_clean.fastq.gz,/home/jbonnier/work/chapitre_5/raw_data/ind_dicorynia/G-MANAGE/DBR_AFMOSDA_2_2_HNWVMDSX3.UDI079_clean.fastq.gz
DBR_AGG,STEL_06,G-MANAGE,Piste_St_Elie,Cambium,Dicorynia_guianensis,/home/jbonnier/work/chapitre_5/raw_data/reference_genome/nuclear/Dgu_HS1_HYBRID_SCAFFOLD.fa,2,@RG\tID:DBR_AGG\tSM:DBR_AGG\tLB:G-MANAGE\tPL:ILLUMINA,/home/jbonnier/work/chapitre_5/raw_data/ind_dicorynia/G-MANAGE/DBR_AGGOSDA_2_1_HNWVMDSX3.UDI038_clean.fastq.gz,/home/jbonnier/work/chapitre_5/raw_data/ind_dicorynia/G-MANAGE/DBR_AGGOSDA_2_2_HNWVMDSX3.UDI038_clean.fastq.gz
DBR_ADH,STGE_01,G-MANAGE,Foret_Regina_St_Georges,Cambium,Dicorynia_guianensis,/home/jbonnier/work/chapitre_5/raw_data/reference_genome/nuclear/Dgu_HS1_HYBRID_SCAFFOLD.fa,2,@RG\tID:DBR_ADH\tSM:DBR_ADH\tLB:G-MANAGE\tPL:ILLUMINA,/home/jbonnier/work/chapitre_5/raw_data/ind_dicorynia/G-MANAGE/DBR_ADHOSDA_2_1_HNWVMDSX3.UDI046_clean.fastq.gz,/home/jbonnier/work/chapitre_5/raw_data/ind_dicorynia/G-MANAGE/DBR_ADHOSDA_2_2_HNWVMDSX3.UDI046_clean.fastq.gz
DBR_ADI,STGE_02,G-MANAGE,St_georges,Cambium,Dicorynia_guianensis,/home/jbonnier/work/chapitre_5/raw_data/reference_genome/nuclear/Dgu_HS1_HYBRID_SCAFFOLD.fa,2,@RG\tID:DBR_ADI\tSM:DBR_ADI\tLB:G-MANAGE\tPL:ILLUMINA,/home/jbonnier/work/chapitre_5/raw_data/ind_dicorynia/G-MANAGE/DBR_ADIOSDA_2_1_HNWVMDSX3.UDI014_clean.fastq.gz,/home/jbonnier/work/chapitre_5/raw_data/ind_dicorynia/G-MANAGE/DBR_ADIOSDA_2_2_HNWVMDSX3.UDI014_clean.fastq.gz
DBR_ADR,STGE_03,G-MANAGE,St_georges,Cambium,Dicorynia_guianensis,/home/jbonnier/work/chapitre_5/raw_data/reference_genome/nuclear/Dgu_HS1_HYBRID_SCAFFOLD.fa,2,@RG\tID:DBR_ADR\tSM:DBR_ADR\tLB:G-MANAGE\tPL:ILLUMINA,/home/jbonnier/work/chapitre_5/raw_data/ind_dicorynia/G-MANAGE/DBR_ADROSDA_2_1_HNWVMDSX3.UDI094_clean.fastq.gz,/home/jbonnier/work/chapitre_5/raw_data/ind_dicorynia/G-MANAGE/DBR_ADROSDA_2_2_HNWVMDSX3.UDI094_clean.fastq.gz
DBR_ADS,STGE_04,G-MANAGE,Foret_Regina_St_Georges,Cambium,Dicorynia_guianensis,/home/jbonnier/work/chapitre_5/raw_data/reference_genome/nuclear/Dgu_HS1_HYBRID_SCAFFOLD.fa,2,@RG\tID:DBR_ADS\tSM:DBR_ADS\tLB:G-MANAGE\tPL:ILLUMINA,/home/jbonnier/work/chapitre_5/raw_data/ind_dicorynia/G-MANAGE/DBR_ADSOSDA_2_1_HNWVMDSX3.UDI051_clean.fastq.gz,/home/jbonnier/work/chapitre_5/raw_data/ind_dicorynia/G-MANAGE/DBR_ADSOSDA_2_2_HNWVMDSX3.UDI051_clean.fastq.gz
DBR_ADU,STGE_05,G-MANAGE,Foret_Regina_St_Georges,Cambium,Dicorynia_guianensis,/home/jbonnier/work/chapitre_5/raw_data/reference_genome/nuclear/Dgu_HS1_HYBRID_SCAFFOLD.fa,2,@RG\tID:DBR_ADU\tSM:DBR_ADU\tLB:G-MANAGE\tPL:ILLUMINA,/home/jbonnier/work/chapitre_5/raw_data/ind_dicorynia/G-MANAGE/DBR_ADUOSDA_2_1_HNWVMDSX3.UDI053_clean.fastq.gz,/home/jbonnier/work/chapitre_5/raw_data/ind_dicorynia/G-MANAGE/DBR_ADUOSDA_2_2_HNWVMDSX3.UDI053_clean.fastq.gz
DBR_ADW,STGE_06,G-MANAGE,Foret_Regina_St_Georges,Cambium,Dicorynia_guianensis,/home/jbonnier/work/chapitre_5/raw_data/reference_genome/nuclear/Dgu_HS1_HYBRID_SCAFFOLD.fa,2,@RG\tID:DBR_ADW\tSM:DBR_ADW\tLB:G-MANAGE\tPL:ILLUMINA,/home/jbonnier/work/chapitre_5/raw_data/ind_dicorynia/G-MANAGE/DBR_ADWOSDA_2_1_HNWVMDSX3.UDI018_clean.fastq.gz,/home/jbonnier/work/chapitre_5/raw_data/ind_dicorynia/G-MANAGE/DBR_ADWOSDA_2_2_HNWVMDSX3.UDI018_clean.fastq.gz
DBR_ADY,STGE_07,G-MANAGE,Foret_Regina_St_Georges,Cambium,Dicorynia_guianensis,/home/jbonnier/work/chapitre_5/raw_data/reference_genome/nuclear/Dgu_HS1_HYBRID_SCAFFOLD.fa,2,@RG\tID:DBR_ADY\tSM:DBR_ADY\tLB:G-MANAGE\tPL:ILLUMINA,/home/jbonnier/work/chapitre_5/raw_data/ind_dicorynia/G-MANAGE/DBR_ADYOSDA_2_1_HNWVMDSX3.UDI055_clean.fastq.gz,/home/jbonnier/work/chapitre_5/raw_data/ind_dicorynia/G-MANAGE/DBR_ADYOSDA_2_2_HNWVMDSX3.UDI055_clean.fastq.gz
DBR_AEH,STGE_08,G-MANAGE,St_georges,Cambium,Dicorynia_guianensis,/home/jbonnier/work/chapitre_5/raw_data/reference_genome/nuclear/Dgu_HS1_HYBRID_SCAFFOLD.fa,2,@RG\tID:DBR_AEH\tSM:DBR_AEH\tLB:G-MANAGE\tPL:ILLUMINA,/home/jbonnier/work/chapitre_5/raw_data/ind_dicorynia/G-MANAGE/DBR_AEHOSDA_2_1_HNWVMDSX3.UDI019_clean.fastq.gz,/home/jbonnier/work/chapitre_5/raw_data/ind_dicorynia/G-MANAGE/DBR_AEHOSDA_2_2_HNWVMDSX3.UDI019_clean.fastq.gz
DBR_AEP,STGE_09,G-MANAGE,St_georges,Cambium,Dicorynia_guianensis,/home/jbonnier/work/chapitre_5/raw_data/reference_genome/nuclear/Dgu_HS1_HYBRID_SCAFFOLD.fa,2,@RG\tID:DBR_AEP\tSM:DBR_AEP\tLB:G-MANAGE\tPL:ILLUMINA,/home/jbonnier/work/chapitre_5/raw_data/ind_dicorynia/G-MANAGE/DBR_AEPOSDA_2_1_HNWVMDSX3.UDI021_clean.fastq.gz,/home/jbonnier/work/chapitre_5/raw_data/ind_dicorynia/G-MANAGE/DBR_AEPOSDA_2_2_HNWVMDSX3.UDI021_clean.fastq.gz
DBR_AES,STGE_10,G-MANAGE,Foret_Regina_St_Georges,Cambium,Dicorynia_guianensis,/home/jbonnier/work/chapitre_5/raw_data/reference_genome/nuclear/Dgu_HS1_HYBRID_SCAFFOLD.fa,2,@RG\tID:DBR_AES\tSM:DBR_AES\tLB:G-MANAGE\tPL:ILLUMINA,/home/jbonnier/work/chapitre_5/raw_data/ind_dicorynia/G-MANAGE/DBR_AESOSDA_2_1_HNWVMDSX3.UDI069_clean.fastq.gz,/home/jbonnier/work/chapitre_5/raw_data/ind_dicorynia/G-MANAGE/DBR_AESOSDA_2_2_HNWVMDSX3.UDI069_clean.fastq.gz
DBR_AFC,STGE_11,G-MANAGE,Foret_Regina_St_Georges,Cambium,Dicorynia_guianensis,/home/jbonnier/work/chapitre_5/raw_data/reference_genome/nuclear/Dgu_HS1_HYBRID_SCAFFOLD.fa,2,@RG\tID:DBR_AFC\tSM:DBR_AFC\tLB:G-MANAGE\tPL:ILLUMINA,/home/jbonnier/work/chapitre_5/raw_data/ind_dicorynia/G-MANAGE/DBR_AFCOSDA_2_1_HNWVMDSX3.UDI026_clean.fastq.gz,/home/jbonnier/work/chapitre_5/raw_data/ind_dicorynia/G-MANAGE/DBR_AFCOSDA_2_2_HNWVMDSX3.UDI026_clean.fastq.gz
DBR_AFY,STGE_12,G-MANAGE,St_georges,Cambium,Dicorynia_guianensis,/home/jbonnier/work/chapitre_5/raw_data/reference_genome/nuclear/Dgu_HS1_HYBRID_SCAFFOLD.fa,2,@RG\tID:DBR_AFY\tSM:DBR_AFY\tLB:G-MANAGE\tPL:ILLUMINA,/home/jbonnier/work/chapitre_5/raw_data/ind_dicorynia/G-MANAGE/DBR_AFYOSDA_2_1_HNWVMDSX3.UDI084_clean.fastq.gz,/home/jbonnier/work/chapitre_5/raw_data/ind_dicorynia/G-MANAGE/DBR_AFYOSDA_2_2_HNWVMDSX3.UDI084_clean.fastq.gz
DBR_AFZ,STGE_13,G-MANAGE,St_georges,Cambium,Dicorynia_guianensis,/home/jbonnier/work/chapitre_5/raw_data/reference_genome/nuclear/Dgu_HS1_HYBRID_SCAFFOLD.fa,2,@RG\tID:DBR_AFZ\tSM:DBR_AFZ\tLB:G-MANAGE\tPL:ILLUMINA,/home/jbonnier/work/chapitre_5/raw_data/ind_dicorynia/G-MANAGE/DBR_AFZOSDA_2_1_HNWVMDSX3.UDI085_clean.fastq.gz,/home/jbonnier/work/chapitre_5/raw_data/ind_dicorynia/G-MANAGE/DBR_AFZOSDA_2_2_HNWVMDSX3.UDI085_clean.fastq.gz
DBR_AGC,STGE_14,G-MANAGE,St_georges,Cambium,Dicorynia_guianensis,/home/jbonnier/work/chapitre_5/raw_data/reference_genome/nuclear/Dgu_HS1_HYBRID_SCAFFOLD.fa,2,@RG\tID:DBR_AGC\tSM:DBR_AGC\tLB:G-MANAGE\tPL:ILLUMINA,/home/jbonnier/work/chapitre_5/raw_data/ind_dicorynia/G-MANAGE/DBR_AGCOSDA_2_1_H2H3LDSX5.UDI009_clean.fastq.gz,/home/jbonnier/work/chapitre_5/raw_data/ind_dicorynia/G-MANAGE/DBR_AGCOSDA_2_2_H2H3LDSX5.UDI009_clean.fastq.gz
DBR_AGF,STGE_15,G-MANAGE,Foret_Regina_St_Georges,Cambium,Dicorynia_guianensis,/home/jbonnier/work/chapitre_5/raw_data/reference_genome/nuclear/Dgu_HS1_HYBRID_SCAFFOLD.fa,2,@RG\tID:DBR_AGF\tSM:DBR_AGF\tLB:G-MANAGE\tPL:ILLUMINA,/home/jbonnier/work/chapitre_5/raw_data/ind_dicorynia/G-MANAGE/DBR_AGFOSDA_2_1_HNWVMDSX3.UDI089_clean.fastq.gz,/home/jbonnier/work/chapitre_5/raw_data/ind_dicorynia/G-MANAGE/DBR_AGFOSDA_2_2_HNWVMDSX3.UDI089_clean.fastq.gz
DBR_AEF,STGE_16,G-MANAGE,St_georges,Cambium,Dicorynia_guianensis,/home/jbonnier/work/chapitre_5/raw_data/reference_genome/nuclear/Dgu_HS1_HYBRID_SCAFFOLD.fa,2,@RG\tID:DBR_AEF\tSM:DBR_AEF\tLB:G-MANAGE\tPL:ILLUMINA,/home/jbonnier/work/chapitre_5/raw_data/ind_dicorynia/G-MANAGE/DBR_AEFOSDA_2_1_HNWVMDSX3.UDI061_clean.fastq.gz,/home/jbonnier/work/chapitre_5/raw_data/ind_dicorynia/G-MANAGE/DBR_AEFOSDA_2_2_HNWVMDSX3.UDI061_clean.fastq.gz
DBR_AGN,DB03,Outgroup,Cameroun_Benin,Cambuim,Distemonanthus_benthamianus,/home/jbonnier/work/chapitre_5/raw_data/reference_genome/nuclear/Dgu_HS1_HYBRID_SCAFFOLD.fa,7,@RG\tID:DBR_AGN\tSM:DBR_AGN\tLB:Outgroup\tPL:ILLUMINA,/home/jbonnier/work/chapitre_5/raw_data/outgroups/DBR_AGNOSDA_7_1_22VLJNLT4.UDI175_clean.fastq.gz,/home/jbonnier/work/chapitre_5/raw_data/outgroups/DBR_AGNOSDA_7_2_22VLJNLT4.UDI175_clean.fastq.gz
DBR_AGO,DP01,Outgroup,Herbier,Feuille,Dicorynia_paraensis,/home/jbonnier/work/chapitre_5/raw_data/reference_genome/nuclear/Dgu_HS1_HYBRID_SCAFFOLD.fa,7,@RG\tID:DBR_AGO\tSM:DBR_AGO\tLB:Outgroup\tPL:ILLUMINA,/home/jbonnier/work/chapitre_5/raw_data/outgroups/DBR_AGOOSDA_7_1_22VLJNLT4.UDI176_clean.fastq.gz,/home/jbonnier/work/chapitre_5/raw_data/outgroups/DBR_AGOOSDA_7_2_22VLJNLT4.UDI176_clean.fastq.gz
DBR_AGP,DB01,Outgroup,Cameroun_Benin,Feuille,Distemonanthus_benthamianus,/home/jbonnier/work/chapitre_5/raw_data/reference_genome/nuclear/Dgu_HS1_HYBRID_SCAFFOLD.fa,7,@RG\tID:DBR_AGP\tSM:DBR_AGP\tLB:Outgroup\tPL:ILLUMINA,/home/jbonnier/work/chapitre_5/raw_data/outgroups/DBR_AGPOSDA_7_1_22VLJNLT4.UDI177_clean.fastq.gz,/home/jbonnier/work/chapitre_5/raw_data/outgroups/DBR_AGPOSDA_7_2_22VLJNLT4.UDI177_clean.fastq.gz
DBR_AGQ,DB02,Outgroup,Cameroun_Benin,Feuille,Distemonanthus_benthamianus,/home/jbonnier/work/chapitre_5/raw_data/reference_genome/nuclear/Dgu_HS1_HYBRID_SCAFFOLD.fa,7,@RG\tID:DBR_AGQ\tSM:DBR_AGQ\tLB:Outgroup\tPL:ILLUMINA,/home/jbonnier/work/chapitre_5/raw_data/outgroups/DBR_AGQOSDA_7_1_22VLJNLT4.UDI178_clean.fastq.gz,/home/jbonnier/work/chapitre_5/raw_data/outgroups/DBR_AGQOSDA_7_2_22VLJNLT4.UDI178_clean.fastq.gz
DBR_AGR,DB04,Outgroup,Cameroun_Benin,Cambium,Distemonanthus_benthamianus,/home/jbonnier/work/chapitre_5/raw_data/reference_genome/nuclear/Dgu_HS1_HYBRID_SCAFFOLD.fa,7,@RG\tID:DBR_AGR\tSM:DBR_AGR\tLB:Outgroup\tPL:ILLUMINA,/home/jbonnier/work/chapitre_5/raw_data/outgroups/DBR_AGROSDA_7_1_22VLJNLT4.UDI179_clean.fastq.gz,/home/jbonnier/work/chapitre_5/raw_data/outgroups/DBR_AGROSDA_7_2_22VLJNLT4.UDI179_clean.fastq.gz
DSW_AAAA,IW65,EXPAND,Crique_Tigre,Cambium,Dicorynia_guianensis,/home/jbonnier/work/chapitre_5/raw_data/reference_genome/nuclear/Dgu_HS1_HYBRID_SCAFFOLD.fa,4,@RG\tID:DSW_AAAA\tSM:DSW_AAAA\tLB:EXPAND\tPL:ILLUMINA,/home/jbonnier/work/chapitre_5/raw_data/ind_dicorynia/EXPAND/DSW_AAAAOSDA_4_1_22VLJNLT4.UDI289_clean.fastq.gz,/home/jbonnier/work/chapitre_5/raw_data/ind_dicorynia/EXPAND/DSW_AAAAOSDA_4_2_22VLJNLT4.UDI289_clean.fastq.gz
DSW_AAAB,IW66,EXPAND,Crique_Tigre,Cambium,Dicorynia_guianensis,/home/jbonnier/work/chapitre_5/raw_data/reference_genome/nuclear/Dgu_HS1_HYBRID_SCAFFOLD.fa,4,@RG\tID:DSW_AAAB\tSM:DSW_AAAB\tLB:EXPAND\tPL:ILLUMINA,/home/jbonnier/work/chapitre_5/raw_data/ind_dicorynia/EXPAND/DSW_AAABOSDA_4_1_22VLJNLT4.UDI301_clean.fastq.gz,/home/jbonnier/work/chapitre_5/raw_data/ind_dicorynia/EXPAND/DSW_AAABOSDA_4_2_22VLJNLT4.UDI301_clean.fastq.gz
DSW_AAAC,IW67,EXPAND,Crique_Tigre,Cambium,Dicorynia_guianensis,/home/jbonnier/work/chapitre_5/raw_data/reference_genome/nuclear/Dgu_HS1_HYBRID_SCAFFOLD.fa,4,@RG\tID:DSW_AAAC\tSM:DSW_AAAC\tLB:EXPAND\tPL:ILLUMINA,/home/jbonnier/work/chapitre_5/raw_data/ind_dicorynia/EXPAND/DSW_AAACOSDA_4_1_22VLJNLT4.UDI313_clean.fastq.gz,/home/jbonnier/work/chapitre_5/raw_data/ind_dicorynia/EXPAND/DSW_AAACOSDA_4_2_22VLJNLT4.UDI313_clean.fastq.gz
DSW_AAAE,IW69,EXPAND,Crique_Tigre,Cambium,Dicorynia_guianensis,/home/jbonnier/work/chapitre_5/raw_data/reference_genome/nuclear/Dgu_HS1_HYBRID_SCAFFOLD.fa,4,@RG\tID:DSW_AAAE\tSM:DSW_AAAE\tLB:EXPAND\tPL:ILLUMINA,/home/jbonnier/work/chapitre_5/raw_data/ind_dicorynia/EXPAND/DSW_AAAEOSDA_4_1_22VLJNLT4.UDI337_clean.fastq.gz,/home/jbonnier/work/chapitre_5/raw_data/ind_dicorynia/EXPAND/DSW_AAAEOSDA_4_2_22VLJNLT4.UDI337_clean.fastq.gz
DSW_AAAF,IW70,EXPAND,Crique_Tigre,Cambium,Dicorynia_guianensis,/home/jbonnier/work/chapitre_5/raw_data/reference_genome/nuclear/Dgu_HS1_HYBRID_SCAFFOLD.fa,4,@RG\tID:DSW_AAAF\tSM:DSW_AAAF\tLB:EXPAND\tPL:ILLUMINA,/home/jbonnier/work/chapitre_5/raw_data/ind_dicorynia/EXPAND/DSW_AAAFOSDA_4_1_22VLJNLT4.UDI349_clean.fastq.gz,/home/jbonnier/work/chapitre_5/raw_data/ind_dicorynia/EXPAND/DSW_AAAFOSDA_4_2_22VLJNLT4.UDI349_clean.fastq.gz
DSW_AAAH,IW72,EXPAND,Crique_Tigre,Cambium,Dicorynia_guianensis,/home/jbonnier/work/chapitre_5/raw_data/reference_genome/nuclear/Dgu_HS1_HYBRID_SCAFFOLD.fa,4,@RG\tID:DSW_AAAH\tSM:DSW_AAAH\tLB:EXPAND\tPL:ILLUMINA,/home/jbonnier/work/chapitre_5/raw_data/ind_dicorynia/EXPAND/DSW_AAAHOSDA_4_1_22VLJNLT4.UDI373_clean.fastq.gz,/home/jbonnier/work/chapitre_5/raw_data/ind_dicorynia/EXPAND/DSW_AAAHOSDA_4_2_22VLJNLT4.UDI373_clean.fastq.gz
DSW_AAAI,IW73,EXPAND,Crique_Tigre,Cambium,Dicorynia_guianensis,/home/jbonnier/work/chapitre_5/raw_data/reference_genome/nuclear/Dgu_HS1_HYBRID_SCAFFOLD.fa,4,@RG\tID:DSW_AAAI\tSM:DSW_AAAI\tLB:EXPAND\tPL:ILLUMINA,/home/jbonnier/work/chapitre_5/raw_data/ind_dicorynia/EXPAND/DSW_AAAIOSDA_4_1_22VLJNLT4.UDI290_clean.fastq.gz,/home/jbonnier/work/chapitre_5/raw_data/ind_dicorynia/EXPAND/DSW_AAAIOSDA_4_2_22VLJNLT4.UDI290_clean.fastq.gz
DSW_AAAL,IW76,EXPAND,Maripasoula,Cambium,Dicorynia_guianensis,/home/jbonnier/work/chapitre_5/raw_data/reference_genome/nuclear/Dgu_HS1_HYBRID_SCAFFOLD.fa,4,@RG\tID:DSW_AAAL\tSM:DSW_AAAL\tLB:EXPAND\tPL:ILLUMINA,/home/jbonnier/work/chapitre_5/raw_data/ind_dicorynia/EXPAND/DSW_AAALOSDA_4_1_22VLJNLT4.UDI326_clean.fastq.gz,/home/jbonnier/work/chapitre_5/raw_data/ind_dicorynia/EXPAND/DSW_AAALOSDA_4_2_22VLJNLT4.UDI326_clean.fastq.gz
DSW_AAAM,IW77,EXPAND,Maripasoula,Cambium,Dicorynia_guianensis,/home/jbonnier/work/chapitre_5/raw_data/reference_genome/nuclear/Dgu_HS1_HYBRID_SCAFFOLD.fa,4,@RG\tID:DSW_AAAM\tSM:DSW_AAAM\tLB:EXPAND\tPL:ILLUMINA,/home/jbonnier/work/chapitre_5/raw_data/ind_dicorynia/EXPAND/DSW_AAAMOSDA_4_1_22VLJNLT4.UDI338_clean.fastq.gz,/home/jbonnier/work/chapitre_5/raw_data/ind_dicorynia/EXPAND/DSW_AAAMOSDA_4_2_22VLJNLT4.UDI338_clean.fastq.gz
DSW_AAAP,IW80,EXPAND,Maripasoula,Cambium,Dicorynia_guianensis,/home/jbonnier/work/chapitre_5/raw_data/reference_genome/nuclear/Dgu_HS1_HYBRID_SCAFFOLD.fa,4,@RG\tID:DSW_AAAP\tSM:DSW_AAAP\tLB:EXPAND\tPL:ILLUMINA,/home/jbonnier/work/chapitre_5/raw_data/ind_dicorynia/EXPAND/DSW_AAAPOSDA_4_1_22VLJNLT4.UDI374_clean.fastq.gz,/home/jbonnier/work/chapitre_5/raw_data/ind_dicorynia/EXPAND/DSW_AAAPOSDA_4_2_22VLJNLT4.UDI374_clean.fastq.gz
DSW_AAAQ,IW81,EXPAND,Maripasoula,Cambium,Dicorynia_guianensis,/home/jbonnier/work/chapitre_5/raw_data/reference_genome/nuclear/Dgu_HS1_HYBRID_SCAFFOLD.fa,4,@RG\tID:DSW_AAAQ\tSM:DSW_AAAQ\tLB:EXPAND\tPL:ILLUMINA,/home/jbonnier/work/chapitre_5/raw_data/ind_dicorynia/EXPAND/DSW_AAAQOSDA_4_1_22VLJNLT4.UDI291_clean.fastq.gz,/home/jbonnier/work/chapitre_5/raw_data/ind_dicorynia/EXPAND/DSW_AAAQOSDA_4_2_22VLJNLT4.UDI291_clean.fastq.gz
DSW_AAAR,IW82,EXPAND,Maripasoula,Cambium,Dicorynia_guianensis,/home/jbonnier/work/chapitre_5/raw_data/reference_genome/nuclear/Dgu_HS1_HYBRID_SCAFFOLD.fa,4,@RG\tID:DSW_AAAR\tSM:DSW_AAAR\tLB:EXPAND\tPL:ILLUMINA,/home/jbonnier/work/chapitre_5/raw_data/ind_dicorynia/EXPAND/DSW_AAAROSDA_4_1_22VLJNLT4.UDI303_clean.fastq.gz,/home/jbonnier/work/chapitre_5/raw_data/ind_dicorynia/EXPAND/DSW_AAAROSDA_4_2_22VLJNLT4.UDI303_clean.fastq.gz
DSW_AAAT,IW84,EXPAND,Maripasoula,Cambium,Dicorynia_guianensis,/home/jbonnier/work/chapitre_5/raw_data/reference_genome/nuclear/Dgu_HS1_HYBRID_SCAFFOLD.fa,4,@RG\tID:DSW_AAAT\tSM:DSW_AAAT\tLB:EXPAND\tPL:ILLUMINA,/home/jbonnier/work/chapitre_5/raw_data/ind_dicorynia/EXPAND/DSW_AAATOSDA_4_1_22VLJNLT4.UDI327_clean.fastq.gz,/home/jbonnier/work/chapitre_5/raw_data/ind_dicorynia/EXPAND/DSW_AAATOSDA_4_2_22VLJNLT4.UDI327_clean.fastq.gz
DSW_AABE,IX05,EXPAND,Trinité,Cambium,Dicorynia_guianensis,/home/jbonnier/work/chapitre_5/raw_data/reference_genome/nuclear/Dgu_HS1_HYBRID_SCAFFOLD.fa,1,@RG\tID:DSW_AABE\tSM:DSW_AABE\tLB:EXPAND\tPL:ILLUMINA,/home/jbonnier/work/chapitre_5/raw_data/ind_dicorynia/EXPAND/DSW_AABEOSDA_1_1_22VLKFLT4.UDI122_clean.fastq.gz,/home/jbonnier/work/chapitre_5/raw_data/ind_dicorynia/EXPAND/DSW_AABEOSDA_1_2_22VLKFLT4.UDI122_clean.fastq.gz
DSW_AABG,IX07,EXPAND,Trinité,Cambium,Dicorynia_guianensis,/home/jbonnier/work/chapitre_5/raw_data/reference_genome/nuclear/Dgu_HS1_HYBRID_SCAFFOLD.fa,5,@RG\tID:DSW_AABG\tSM:DSW_AABG\tLB:EXPAND\tPL:ILLUMINA,/home/jbonnier/work/chapitre_5/raw_data/ind_dicorynia/EXPAND/DSW_AABGOSDA_5_1_22VLJNLT4.UDI293_clean.fastq.gz,/home/jbonnier/work/chapitre_5/raw_data/ind_dicorynia/EXPAND/DSW_AABGOSDA_5_2_22VLJNLT4.UDI293_clean.fastq.gz
DSW_AABH,IX08,EXPAND,Trinité,Cambium,Dicorynia_guianensis,/home/jbonnier/work/chapitre_5/raw_data/reference_genome/nuclear/Dgu_HS1_HYBRID_SCAFFOLD.fa,5,@RG\tID:DSW_AABH\tSM:DSW_AABH\tLB:EXPAND\tPL:ILLUMINA,/home/jbonnier/work/chapitre_5/raw_data/ind_dicorynia/EXPAND/DSW_AABHOSDA_5_1_22VLJNLT4.UDI305_clean.fastq.gz,/home/jbonnier/work/chapitre_5/raw_data/ind_dicorynia/EXPAND/DSW_AABHOSDA_5_2_22VLJNLT4.UDI305_clean.fastq.gz
DSW_AABI,IX09,EXPAND,Trinité,Cambium,Dicorynia_guianensis,/home/jbonnier/work/chapitre_5/raw_data/reference_genome/nuclear/Dgu_HS1_HYBRID_SCAFFOLD.fa,5,@RG\tID:DSW_AABI\tSM:DSW_AABI\tLB:EXPAND\tPL:ILLUMINA,/home/jbonnier/work/chapitre_5/raw_data/ind_dicorynia/EXPAND/DSW_AABIOSDA_5_1_22VLJNLT4.UDI317_clean.fastq.gz,/home/jbonnier/work/chapitre_5/raw_data/ind_dicorynia/EXPAND/DSW_AABIOSDA_5_2_22VLJNLT4.UDI317_clean.fastq.gz
DSW_AABJ,IX10,EXPAND,Trinité,Cambium,Dicorynia_guianensis,/home/jbonnier/work/chapitre_5/raw_data/reference_genome/nuclear/Dgu_HS1_HYBRID_SCAFFOLD.fa,5,@RG\tID:DSW_AABJ\tSM:DSW_AABJ\tLB:EXPAND\tPL:ILLUMINA,/home/jbonnier/work/chapitre_5/raw_data/ind_dicorynia/EXPAND/DSW_AABJOSDA_5_1_22VLJNLT4.UDI329_clean.fastq.gz,/home/jbonnier/work/chapitre_5/raw_data/ind_dicorynia/EXPAND/DSW_AABJOSDA_5_2_22VLJNLT4.UDI329_clean.fastq.gz
DSW_AABK,IX11,EXPAND,Trinité,Cambium,Dicorynia_guianensis,/home/jbonnier/work/chapitre_5/raw_data/reference_genome/nuclear/Dgu_HS1_HYBRID_SCAFFOLD.fa,5,@RG\tID:DSW_AABK\tSM:DSW_AABK\tLB:EXPAND\tPL:ILLUMINA,/home/jbonnier/work/chapitre_5/raw_data/ind_dicorynia/EXPAND/DSW_AABKOSDA_5_1_22VLJNLT4.UDI341_clean.fastq.gz,/home/jbonnier/work/chapitre_5/raw_data/ind_dicorynia/EXPAND/DSW_AABKOSDA_5_2_22VLJNLT4.UDI341_clean.fastq.gz
DSW_AABL,IX12,EXPAND,Trinité,Cambium,Dicorynia_guianensis,/home/jbonnier/work/chapitre_5/raw_data/reference_genome/nuclear/Dgu_HS1_HYBRID_SCAFFOLD.fa,5,@RG\tID:DSW_AABL\tSM:DSW_AABL\tLB:EXPAND\tPL:ILLUMINA,/home/jbonnier/work/chapitre_5/raw_data/ind_dicorynia/EXPAND/DSW_AABLOSDA_5_1_22VLJNLT4.UDI353_clean.fastq.gz,/home/jbonnier/work/chapitre_5/raw_data/ind_dicorynia/EXPAND/DSW_AABLOSDA_5_2_22VLJNLT4.UDI353_clean.fastq.gz
DSW_AABM,IX13,EXPAND,Trinité,Cambium,Dicorynia_guianensis,/home/jbonnier/work/chapitre_5/raw_data/reference_genome/nuclear/Dgu_HS1_HYBRID_SCAFFOLD.fa,5,@RG\tID:DSW_AABM\tSM:DSW_AABM\tLB:EXPAND\tPL:ILLUMINA,/home/jbonnier/work/chapitre_5/raw_data/ind_dicorynia/EXPAND/DSW_AABMOSDA_5_1_22VLJNLT4.UDI365_clean.fastq.gz,/home/jbonnier/work/chapitre_5/raw_data/ind_dicorynia/EXPAND/DSW_AABMOSDA_5_2_22VLJNLT4.UDI365_clean.fastq.gz
DSW_AABN,IX14,EXPAND,Trinité,Cambium,Dicorynia_guianensis,/home/jbonnier/work/chapitre_5/raw_data/reference_genome/nuclear/Dgu_HS1_HYBRID_SCAFFOLD.fa,5,@RG\tID:DSW_AABN\tSM:DSW_AABN\tLB:EXPAND\tPL:ILLUMINA,/home/jbonnier/work/chapitre_5/raw_data/ind_dicorynia/EXPAND/DSW_AABNOSDA_5_1_22VLJNLT4.UDI377_clean.fastq.gz,/home/jbonnier/work/chapitre_5/raw_data/ind_dicorynia/EXPAND/DSW_AABNOSDA_5_2_22VLJNLT4.UDI377_clean.fastq.gz
DSW_AABP,IX16,EXPAND,Saut_Takari,Cambium,Dicorynia_guianensis,/home/jbonnier/work/chapitre_5/raw_data/reference_genome/nuclear/Dgu_HS1_HYBRID_SCAFFOLD.fa,5,@RG\tID:DSW_AABP\tSM:DSW_AABP\tLB:EXPAND\tPL:ILLUMINA,/home/jbonnier/work/chapitre_5/raw_data/ind_dicorynia/EXPAND/DSW_AABPOSDA_5_1_22VLJNLT4.UDI306_clean.fastq.gz,/home/jbonnier/work/chapitre_5/raw_data/ind_dicorynia/EXPAND/DSW_AABPOSDA_5_2_22VLJNLT4.UDI306_clean.fastq.gz
DSW_AABQ,IX17,EXPAND,Saut_Takari,Cambium,Dicorynia_guianensis,/home/jbonnier/work/chapitre_5/raw_data/reference_genome/nuclear/Dgu_HS1_HYBRID_SCAFFOLD.fa,5,@RG\tID:DSW_AABQ\tSM:DSW_AABQ\tLB:EXPAND\tPL:ILLUMINA,/home/jbonnier/work/chapitre_5/raw_data/ind_dicorynia/EXPAND/DSW_AABQOSDA_5_1_22VLJNLT4.UDI318_clean.fastq.gz,/home/jbonnier/work/chapitre_5/raw_data/ind_dicorynia/EXPAND/DSW_AABQOSDA_5_2_22VLJNLT4.UDI318_clean.fastq.gz
DSW_AABR,IX18,EXPAND,Saut_Takari,Cambium,Dicorynia_guianensis,/home/jbonnier/work/chapitre_5/raw_data/reference_genome/nuclear/Dgu_HS1_HYBRID_SCAFFOLD.fa,6,@RG\tID:DSW_AABR\tSM:DSW_AABR\tLB:EXPAND\tPL:ILLUMINA,/home/jbonnier/work/chapitre_5/raw_data/ind_dicorynia/EXPAND/DSW_AABROSDA_6_1_22VLJNLT4.UDI330_clean.fastq.gz,/home/jbonnier/work/chapitre_5/raw_data/ind_dicorynia/EXPAND/DSW_AABROSDA_6_2_22VLJNLT4.UDI330_clean.fastq.gz
DSW_AABS,IX19,EXPAND,Saut_Takari,Cambium,Dicorynia_guianensis,/home/jbonnier/work/chapitre_5/raw_data/reference_genome/nuclear/Dgu_HS1_HYBRID_SCAFFOLD.fa,6,@RG\tID:DSW_AABS\tSM:DSW_AABS\tLB:EXPAND\tPL:ILLUMINA,/home/jbonnier/work/chapitre_5/raw_data/ind_dicorynia/EXPAND/DSW_AABSOSDA_6_1_22VLJNLT4.UDI342_clean.fastq.gz,/home/jbonnier/work/chapitre_5/raw_data/ind_dicorynia/EXPAND/DSW_AABSOSDA_6_2_22VLJNLT4.UDI342_clean.fastq.gz
DSW_AABT,IX20,EXPAND,Saut_Takari,Cambium,Dicorynia_guianensis,/home/jbonnier/work/chapitre_5/raw_data/reference_genome/nuclear/Dgu_HS1_HYBRID_SCAFFOLD.fa,6,@RG\tID:DSW_AABT\tSM:DSW_AABT\tLB:EXPAND\tPL:ILLUMINA,/home/jbonnier/work/chapitre_5/raw_data/ind_dicorynia/EXPAND/DSW_AABTOSDA_6_1_22VLJNLT4.UDI354_clean.fastq.gz,/home/jbonnier/work/chapitre_5/raw_data/ind_dicorynia/EXPAND/DSW_AABTOSDA_6_2_22VLJNLT4.UDI354_clean.fastq.gz
DSW_AABU,IX21,EXPAND,Saut_Takari,Cambium,Dicorynia_guianensis,/home/jbonnier/work/chapitre_5/raw_data/reference_genome/nuclear/Dgu_HS1_HYBRID_SCAFFOLD.fa,6,@RG\tID:DSW_AABU\tSM:DSW_AABU\tLB:EXPAND\tPL:ILLUMINA,/home/jbonnier/work/chapitre_5/raw_data/ind_dicorynia/EXPAND/DSW_AABUOSDA_6_1_22VLJNLT4.UDI366_clean.fastq.gz,/home/jbonnier/work/chapitre_5/raw_data/ind_dicorynia/EXPAND/DSW_AABUOSDA_6_2_22VLJNLT4.UDI366_clean.fastq.gz
DSW_AABV,IX22,EXPAND,Saut_Takari,Cambium,Dicorynia_guianensis,/home/jbonnier/work/chapitre_5/raw_data/reference_genome/nuclear/Dgu_HS1_HYBRID_SCAFFOLD.fa,1,@RG\tID:DSW_AABV\tSM:DSW_AABV\tLB:EXPAND\tPL:ILLUMINA,/home/jbonnier/work/chapitre_5/raw_data/ind_dicorynia/EXPAND/DSW_AABVOSDA_1_1_22VLKFLT4.UDI123_clean.fastq.gz,/home/jbonnier/work/chapitre_5/raw_data/ind_dicorynia/EXPAND/DSW_AABVOSDA_1_2_22VLKFLT4.UDI123_clean.fastq.gz
DSW_AABW,IX23,EXPAND,Saut_Takari,Cambium,Dicorynia_guianensis,/home/jbonnier/work/chapitre_5/raw_data/reference_genome/nuclear/Dgu_HS1_HYBRID_SCAFFOLD.fa,6,@RG\tID:DSW_AABW\tSM:DSW_AABW\tLB:EXPAND\tPL:ILLUMINA,/home/jbonnier/work/chapitre_5/raw_data/ind_dicorynia/EXPAND/DSW_AABWOSDA_6_1_22VLJNLT4.UDI295_clean.fastq.gz,/home/jbonnier/work/chapitre_5/raw_data/ind_dicorynia/EXPAND/DSW_AABWOSDA_6_2_22VLJNLT4.UDI295_clean.fastq.gz
DSW_AABX,IX24,EXPAND,Saut_Takari,Cambium,Dicorynia_guianensis,/home/jbonnier/work/chapitre_5/raw_data/reference_genome/nuclear/Dgu_HS1_HYBRID_SCAFFOLD.fa,6,@RG\tID:DSW_AABX\tSM:DSW_AABX\tLB:EXPAND\tPL:ILLUMINA,/home/jbonnier/work/chapitre_5/raw_data/ind_dicorynia/EXPAND/DSW_AABXOSDA_6_1_22VLJNLT4.UDI307_clean.fastq.gz,/home/jbonnier/work/chapitre_5/raw_data/ind_dicorynia/EXPAND/DSW_AABXOSDA_6_2_22VLJNLT4.UDI307_clean.fastq.gz
DSW_AABY,IX25,EXPAND,Montagne_Fer,Cambium,Dicorynia_guianensis,/home/jbonnier/work/chapitre_5/raw_data/reference_genome/nuclear/Dgu_HS1_HYBRID_SCAFFOLD.fa,6,@RG\tID:DSW_AABY\tSM:DSW_AABY\tLB:EXPAND\tPL:ILLUMINA,/home/jbonnier/work/chapitre_5/raw_data/ind_dicorynia/EXPAND/DSW_AABYOSDA_6_1_22VLJNLT4.UDI319_clean.fastq.gz,/home/jbonnier/work/chapitre_5/raw_data/ind_dicorynia/EXPAND/DSW_AABYOSDA_6_2_22VLJNLT4.UDI319_clean.fastq.gz
DSW_AABZ,IX26,EXPAND,Montagne_Fer,Cambium,Dicorynia_guianensis,/home/jbonnier/work/chapitre_5/raw_data/reference_genome/nuclear/Dgu_HS1_HYBRID_SCAFFOLD.fa,6,@RG\tID:DSW_AABZ\tSM:DSW_AABZ\tLB:EXPAND\tPL:ILLUMINA,/home/jbonnier/work/chapitre_5/raw_data/ind_dicorynia/EXPAND/DSW_AABZOSDA_6_1_22VLJNLT4.UDI331_clean.fastq.gz,/home/jbonnier/work/chapitre_5/raw_data/ind_dicorynia/EXPAND/DSW_AABZOSDA_6_2_22VLJNLT4.UDI331_clean.fastq.gz
DSW_AACB,IX28,EXPAND,Montagne_Fer,Cambium,Dicorynia_guianensis,/home/jbonnier/work/chapitre_5/raw_data/reference_genome/nuclear/Dgu_HS1_HYBRID_SCAFFOLD.fa,6,@RG\tID:DSW_AACB\tSM:DSW_AACB\tLB:EXPAND\tPL:ILLUMINA,/home/jbonnier/work/chapitre_5/raw_data/ind_dicorynia/EXPAND/DSW_AACBOSDA_6_1_22VLJNLT4.UDI355_clean.fastq.gz,/home/jbonnier/work/chapitre_5/raw_data/ind_dicorynia/EXPAND/DSW_AACBOSDA_6_2_22VLJNLT4.UDI355_clean.fastq.gz
DSW_AACC,IX29,EXPAND,Montagne_Fer,Cambium,Dicorynia_guianensis,/home/jbonnier/work/chapitre_5/raw_data/reference_genome/nuclear/Dgu_HS1_HYBRID_SCAFFOLD.fa,6,@RG\tID:DSW_AACC\tSM:DSW_AACC\tLB:EXPAND\tPL:ILLUMINA,/home/jbonnier/work/chapitre_5/raw_data/ind_dicorynia/EXPAND/DSW_AACCOSDA_6_1_22VLJNLT4.UDI367_clean.fastq.gz,/home/jbonnier/work/chapitre_5/raw_data/ind_dicorynia/EXPAND/DSW_AACCOSDA_6_2_22VLJNLT4.UDI367_clean.fastq.gz
DSW_AACD,IX30,EXPAND,Montagne_Fer,Cambium,Dicorynia_guianensis,/home/jbonnier/work/chapitre_5/raw_data/reference_genome/nuclear/Dgu_HS1_HYBRID_SCAFFOLD.fa,6,@RG\tID:DSW_AACD\tSM:DSW_AACD\tLB:EXPAND\tPL:ILLUMINA,/home/jbonnier/work/chapitre_5/raw_data/ind_dicorynia/EXPAND/DSW_AACDOSDA_6_1_22VLJNLT4.UDI379_clean.fastq.gz,/home/jbonnier/work/chapitre_5/raw_data/ind_dicorynia/EXPAND/DSW_AACDOSDA_6_2_22VLJNLT4.UDI379_clean.fastq.gz
DSW_AACG,IX33,EXPAND,Montagne_Fer,Cambium,Dicorynia_guianensis,/home/jbonnier/work/chapitre_5/raw_data/reference_genome/nuclear/Dgu_HS1_HYBRID_SCAFFOLD.fa,6,@RG\tID:DSW_AACG\tSM:DSW_AACG\tLB:EXPAND\tPL:ILLUMINA,/home/jbonnier/work/chapitre_5/raw_data/ind_dicorynia/EXPAND/DSW_AACGOSDA_6_1_22VLJNLT4.UDI320_clean.fastq.gz,/home/jbonnier/work/chapitre_5/raw_data/ind_dicorynia/EXPAND/DSW_AACGOSDA_6_2_22VLJNLT4.UDI320_clean.fastq.gz
DSW_AACL,IX38,EXPAND,Chutes_Voltaires,Cambium,Dicorynia_guianensis,/home/jbonnier/work/chapitre_5/raw_data/reference_genome/nuclear/Dgu_HS1_HYBRID_SCAFFOLD.fa,6,@RG\tID:DSW_AACL\tSM:DSW_AACL\tLB:EXPAND\tPL:ILLUMINA,/home/jbonnier/work/chapitre_5/raw_data/ind_dicorynia/EXPAND/DSW_AACLOSDA_6_1_22VLJNLT4.UDI380_clean.fastq.gz,/home/jbonnier/work/chapitre_5/raw_data/ind_dicorynia/EXPAND/DSW_AACLOSDA_6_2_22VLJNLT4.UDI380_clean.fastq.gz
DSW_AACR,IX44,EXPAND,Chutes_Voltaires,Cambium,Dicorynia_guianensis,/home/jbonnier/work/chapitre_5/raw_data/reference_genome/nuclear/Dgu_HS1_HYBRID_SCAFFOLD.fa,7,@RG\tID:DSW_AACR\tSM:DSW_AACR\tLB:EXPAND\tPL:ILLUMINA,/home/jbonnier/work/chapitre_5/raw_data/ind_dicorynia/EXPAND/DSW_AACROSDA_7_1_22VLJNLT4.UDI357_clean.fastq.gz,/home/jbonnier/work/chapitre_5/raw_data/ind_dicorynia/EXPAND/DSW_AACROSDA_7_2_22VLJNLT4.UDI357_clean.fastq.gz
DSW_AACS,IX45,EXPAND,Saul,Cambium,Dicorynia_guianensis,/home/jbonnier/work/chapitre_5/raw_data/reference_genome/nuclear/Dgu_HS1_HYBRID_SCAFFOLD.fa,7,@RG\tID:DSW_AACS\tSM:DSW_AACS\tLB:EXPAND\tPL:ILLUMINA,/home/jbonnier/work/chapitre_5/raw_data/ind_dicorynia/EXPAND/DSW_AACSOSDA_7_1_22VLJNLT4.UDI369_clean.fastq.gz,/home/jbonnier/work/chapitre_5/raw_data/ind_dicorynia/EXPAND/DSW_AACSOSDA_7_2_22VLJNLT4.UDI369_clean.fastq.gz
DSW_AACW,IX49,EXPAND,Saul,Cambium,Dicorynia_guianensis,/home/jbonnier/work/chapitre_5/raw_data/reference_genome/nuclear/Dgu_HS1_HYBRID_SCAFFOLD.fa,7,@RG\tID:DSW_AACW\tSM:DSW_AACW\tLB:EXPAND\tPL:ILLUMINA,/home/jbonnier/work/chapitre_5/raw_data/ind_dicorynia/EXPAND/DSW_AACWOSDA_7_1_22VLJNLT4.UDI322_clean.fastq.gz,/home/jbonnier/work/chapitre_5/raw_data/ind_dicorynia/EXPAND/DSW_AACWOSDA_7_2_22VLJNLT4.UDI322_clean.fastq.gz
DSW_AADB,IX54,EXPAND,Saul,Cambium,Dicorynia_guianensis,/home/jbonnier/work/chapitre_5/raw_data/reference_genome/nuclear/Dgu_HS1_HYBRID_SCAFFOLD.fa,7,@RG\tID:DSW_AADB\tSM:DSW_AADB\tLB:EXPAND\tPL:ILLUMINA,/home/jbonnier/work/chapitre_5/raw_data/ind_dicorynia/EXPAND/DSW_AADBOSDA_7_1_22VLJNLT4.UDI382_clean.fastq.gz,/home/jbonnier/work/chapitre_5/raw_data/ind_dicorynia/EXPAND/DSW_AADBOSDA_7_2_22VLJNLT4.UDI382_clean.fastq.gz
DSW_AAAD,IW68,EXPAND,Crique_Tigre,Feuille,Dicorynia_guianensis,/home/jbonnier/work/chapitre_5/raw_data/reference_genome/nuclear/Dgu_HS1_HYBRID_SCAFFOLD.fa,4,@RG\tID:DSW_AAAD\tSM:DSW_AAAD\tLB:EXPAND\tPL:ILLUMINA,/home/jbonnier/work/chapitre_5/raw_data/ind_dicorynia/EXPAND/DSW_AAADOSDA_4_1_22VLJNLT4.UDI325_clean.fastq.gz,/home/jbonnier/work/chapitre_5/raw_data/ind_dicorynia/EXPAND/DSW_AAADOSDA_4_2_22VLJNLT4.UDI325_clean.fastq.gz
DSW_AAAG,IW71,EXPAND,Crique_Tigre,Feuille,Dicorynia_guianensis,/home/jbonnier/work/chapitre_5/raw_data/reference_genome/nuclear/Dgu_HS1_HYBRID_SCAFFOLD.fa,4,@RG\tID:DSW_AAAG\tSM:DSW_AAAG\tLB:EXPAND\tPL:ILLUMINA,/home/jbonnier/work/chapitre_5/raw_data/ind_dicorynia/EXPAND/DSW_AAAGOSDA_4_1_22VLJNLT4.UDI361_clean.fastq.gz,/home/jbonnier/work/chapitre_5/raw_data/ind_dicorynia/EXPAND/DSW_AAAGOSDA_4_2_22VLJNLT4.UDI361_clean.fastq.gz
DSW_AAAJ,IW74,EXPAND,Crique_Tigre,Feuille,Dicorynia_guianensis,/home/jbonnier/work/chapitre_5/raw_data/reference_genome/nuclear/Dgu_HS1_HYBRID_SCAFFOLD.fa,4,@RG\tID:DSW_AAAJ\tSM:DSW_AAAJ\tLB:EXPAND\tPL:ILLUMINA,/home/jbonnier/work/chapitre_5/raw_data/ind_dicorynia/EXPAND/DSW_AAAJOSDA_4_1_22VLJNLT4.UDI302_clean.fastq.gz,/home/jbonnier/work/chapitre_5/raw_data/ind_dicorynia/EXPAND/DSW_AAAJOSDA_4_2_22VLJNLT4.UDI302_clean.fastq.gz
DSW_AAAK,IW75,EXPAND,Maripasoula,Feuille,Dicorynia_guianensis,/home/jbonnier/work/chapitre_5/raw_data/reference_genome/nuclear/Dgu_HS1_HYBRID_SCAFFOLD.fa,4,@RG\tID:DSW_AAAK\tSM:DSW_AAAK\tLB:EXPAND\tPL:ILLUMINA,/home/jbonnier/work/chapitre_5/raw_data/ind_dicorynia/EXPAND/DSW_AAAKOSDA_4_1_22VLJNLT4.UDI314_clean.fastq.gz,/home/jbonnier/work/chapitre_5/raw_data/ind_dicorynia/EXPAND/DSW_AAAKOSDA_4_2_22VLJNLT4.UDI314_clean.fastq.gz
DSW_AAAN,IW78,EXPAND,Maripasoula,Feuille,Dicorynia_guianensis,/home/jbonnier/work/chapitre_5/raw_data/reference_genome/nuclear/Dgu_HS1_HYBRID_SCAFFOLD.fa,1,@RG\tID:DSW_AAAN\tSM:DSW_AAAN\tLB:EXPAND\tPL:ILLUMINA,/home/jbonnier/work/chapitre_5/raw_data/ind_dicorynia/EXPAND/DSW_AAANOSDA_1_1_22VLKFLT4.UDI120_clean.fastq.gz,/home/jbonnier/work/chapitre_5/raw_data/ind_dicorynia/EXPAND/DSW_AAANOSDA_1_2_22VLKFLT4.UDI120_clean.fastq.gz
DSW_AAAO,IW79,EXPAND,Maripasoula,Feuille,Dicorynia_guianensis,/home/jbonnier/work/chapitre_5/raw_data/reference_genome/nuclear/Dgu_HS1_HYBRID_SCAFFOLD.fa,4,@RG\tID:DSW_AAAO\tSM:DSW_AAAO\tLB:EXPAND\tPL:ILLUMINA,/home/jbonnier/work/chapitre_5/raw_data/ind_dicorynia/EXPAND/DSW_AAAOOSDA_4_1_22VLJNLT4.UDI362_clean.fastq.gz,/home/jbonnier/work/chapitre_5/raw_data/ind_dicorynia/EXPAND/DSW_AAAOOSDA_4_2_22VLJNLT4.UDI362_clean.fastq.gz
DSW_AAAS,IW83,EXPAND,Maripasoula,Feuille,Dicorynia_guianensis,/home/jbonnier/work/chapitre_5/raw_data/reference_genome/nuclear/Dgu_HS1_HYBRID_SCAFFOLD.fa,4,@RG\tID:DSW_AAAS\tSM:DSW_AAAS\tLB:EXPAND\tPL:ILLUMINA,/home/jbonnier/work/chapitre_5/raw_data/ind_dicorynia/EXPAND/DSW_AAASOSDA_4_1_22VLJNLT4.UDI315_clean.fastq.gz,/home/jbonnier/work/chapitre_5/raw_data/ind_dicorynia/EXPAND/DSW_AAASOSDA_4_2_22VLJNLT4.UDI315_clean.fastq.gz
DSW_AAAU,IW85,EXPAND,Petit_croissant,Feuille,Dicorynia_guianensis,/home/jbonnier/work/chapitre_5/raw_data/reference_genome/nuclear/Dgu_HS1_HYBRID_SCAFFOLD.fa,4,@RG\tID:DSW_AAAU\tSM:DSW_AAAU\tLB:EXPAND\tPL:ILLUMINA,/home/jbonnier/work/chapitre_5/raw_data/ind_dicorynia/EXPAND/DSW_AAAUOSDA_4_1_22VLJNLT4.UDI339_clean.fastq.gz,/home/jbonnier/work/chapitre_5/raw_data/ind_dicorynia/EXPAND/DSW_AAAUOSDA_4_2_22VLJNLT4.UDI339_clean.fastq.gz
DSW_AAAV,IW86,EXPAND,Petit_croissant,Feuille,Dicorynia_guianensis,/home/jbonnier/work/chapitre_5/raw_data/reference_genome/nuclear/Dgu_HS1_HYBRID_SCAFFOLD.fa,5,@RG\tID:DSW_AAAV\tSM:DSW_AAAV\tLB:EXPAND\tPL:ILLUMINA,/home/jbonnier/work/chapitre_5/raw_data/ind_dicorynia/EXPAND/DSW_AAAVOSDA_5_1_22VLJNLT4.UDI351_clean.fastq.gz,/home/jbonnier/work/chapitre_5/raw_data/ind_dicorynia/EXPAND/DSW_AAAVOSDA_5_2_22VLJNLT4.UDI351_clean.fastq.gz
DSW_AAAW,IW87,EXPAND,Petit_croissant,Feuille,Dicorynia_guianensis,/home/jbonnier/work/chapitre_5/raw_data/reference_genome/nuclear/Dgu_HS1_HYBRID_SCAFFOLD.fa,5,@RG\tID:DSW_AAAW\tSM:DSW_AAAW\tLB:EXPAND\tPL:ILLUMINA,/home/jbonnier/work/chapitre_5/raw_data/ind_dicorynia/EXPAND/DSW_AAAWOSDA_5_1_22VLJNLT4.UDI363_clean.fastq.gz,/home/jbonnier/work/chapitre_5/raw_data/ind_dicorynia/EXPAND/DSW_AAAWOSDA_5_2_22VLJNLT4.UDI363_clean.fastq.gz
DSW_AAAX,IW88,EXPAND,Petit_croissant,Feuille,Dicorynia_guianensis,/home/jbonnier/work/chapitre_5/raw_data/reference_genome/nuclear/Dgu_HS1_HYBRID_SCAFFOLD.fa,5,@RG\tID:DSW_AAAX\tSM:DSW_AAAX\tLB:EXPAND\tPL:ILLUMINA,/home/jbonnier/work/chapitre_5/raw_data/ind_dicorynia/EXPAND/DSW_AAAXOSDA_5_1_22VLJNLT4.UDI375_clean.fastq.gz,/home/jbonnier/work/chapitre_5/raw_data/ind_dicorynia/EXPAND/DSW_AAAXOSDA_5_2_22VLJNLT4.UDI375_clean.fastq.gz
DSW_AAAY,IW89,EXPAND,Petit_croissant,Feuille,Dicorynia_guianensis,/home/jbonnier/work/chapitre_5/raw_data/reference_genome/nuclear/Dgu_HS1_HYBRID_SCAFFOLD.fa,5,@RG\tID:DSW_AAAY\tSM:DSW_AAAY\tLB:EXPAND\tPL:ILLUMINA,/home/jbonnier/work/chapitre_5/raw_data/ind_dicorynia/EXPAND/DSW_AAAYOSDA_5_1_22VLJNLT4.UDI292_clean.fastq.gz,/home/jbonnier/work/chapitre_5/raw_data/ind_dicorynia/EXPAND/DSW_AAAYOSDA_5_2_22VLJNLT4.UDI292_clean.fastq.gz
DSW_AAAZ,IW90,EXPAND,Petit_croissant,Feuille,Dicorynia_guianensis,/home/jbonnier/work/chapitre_5/raw_data/reference_genome/nuclear/Dgu_HS1_HYBRID_SCAFFOLD.fa,5,@RG\tID:DSW_AAAZ\tSM:DSW_AAAZ\tLB:EXPAND\tPL:ILLUMINA,/home/jbonnier/work/chapitre_5/raw_data/ind_dicorynia/EXPAND/DSW_AAAZOSDA_5_1_22VLJNLT4.UDI304_clean.fastq.gz,/home/jbonnier/work/chapitre_5/raw_data/ind_dicorynia/EXPAND/DSW_AAAZOSDA_5_2_22VLJNLT4.UDI304_clean.fastq.gz
DSW_AABA,IW91,EXPAND,Petit_croissant,Feuille,Dicorynia_guianensis,/home/jbonnier/work/chapitre_5/raw_data/reference_genome/nuclear/Dgu_HS1_HYBRID_SCAFFOLD.fa,5,@RG\tID:DSW_AABA\tSM:DSW_AABA\tLB:EXPAND\tPL:ILLUMINA,/home/jbonnier/work/chapitre_5/raw_data/ind_dicorynia/EXPAND/DSW_AABAOSDA_5_1_22VLJNLT4.UDI316_clean.fastq.gz,/home/jbonnier/work/chapitre_5/raw_data/ind_dicorynia/EXPAND/DSW_AABAOSDA_5_2_22VLJNLT4.UDI316_clean.fastq.gz
DSW_AABB,IW92,EXPAND,Petit_croissant,Feuille,Dicorynia_guianensis,/home/jbonnier/work/chapitre_5/raw_data/reference_genome/nuclear/Dgu_HS1_HYBRID_SCAFFOLD.fa,5,@RG\tID:DSW_AABB\tSM:DSW_AABB\tLB:EXPAND\tPL:ILLUMINA,/home/jbonnier/work/chapitre_5/raw_data/ind_dicorynia/EXPAND/DSW_AABBOSDA_5_1_22VLJNLT4.UDI328_clean.fastq.gz,/home/jbonnier/work/chapitre_5/raw_data/ind_dicorynia/EXPAND/DSW_AABBOSDA_5_2_22VLJNLT4.UDI328_clean.fastq.gz
DSW_AABC,IW93,EXPAND,Petit_croissant,Feuille,Dicorynia_guianensis,/home/jbonnier/work/chapitre_5/raw_data/reference_genome/nuclear/Dgu_HS1_HYBRID_SCAFFOLD.fa,1,@RG\tID:DSW_AABC\tSM:DSW_AABC\tLB:EXPAND\tPL:ILLUMINA,/home/jbonnier/work/chapitre_5/raw_data/ind_dicorynia/EXPAND/DSW_AABCOSDA_1_1_22VLKFLT4.UDI121_clean.fastq.gz,/home/jbonnier/work/chapitre_5/raw_data/ind_dicorynia/EXPAND/DSW_AABCOSDA_1_2_22VLKFLT4.UDI121_clean.fastq.gz
DSW_AABD,IW94,EXPAND,Petit_croissant,Feuille,Dicorynia_guianensis,/home/jbonnier/work/chapitre_5/raw_data/reference_genome/nuclear/Dgu_HS1_HYBRID_SCAFFOLD.fa,5,@RG\tID:DSW_AABD\tSM:DSW_AABD\tLB:EXPAND\tPL:ILLUMINA,/home/jbonnier/work/chapitre_5/raw_data/ind_dicorynia/EXPAND/DSW_AABDOSDA_5_1_22VLJNLT4.UDI352_clean.fastq.gz,/home/jbonnier/work/chapitre_5/raw_data/ind_dicorynia/EXPAND/DSW_AABDOSDA_5_2_22VLJNLT4.UDI352_clean.fastq.gz
DSW_AABF,IX06,EXPAND,Trinité,Feuille,Dicorynia_guianensis,/home/jbonnier/work/chapitre_5/raw_data/reference_genome/nuclear/Dgu_HS1_HYBRID_SCAFFOLD.fa,5,@RG\tID:DSW_AABF\tSM:DSW_AABF\tLB:EXPAND\tPL:ILLUMINA,/home/jbonnier/work/chapitre_5/raw_data/ind_dicorynia/EXPAND/DSW_AABFOSDA_5_1_22VLJNLT4.UDI376_clean.fastq.gz,/home/jbonnier/work/chapitre_5/raw_data/ind_dicorynia/EXPAND/DSW_AABFOSDA_5_2_22VLJNLT4.UDI376_clean.fastq.gz
DSW_AABO,IX15,EXPAND,Saut_Takari,Feuille,Dicorynia_guianensis,/home/jbonnier/work/chapitre_5/raw_data/reference_genome/nuclear/Dgu_HS1_HYBRID_SCAFFOLD.fa,5,@RG\tID:DSW_AABO\tSM:DSW_AABO\tLB:EXPAND\tPL:ILLUMINA,/home/jbonnier/work/chapitre_5/raw_data/ind_dicorynia/EXPAND/DSW_AABOOSDA_5_1_22VLJNLT4.UDI294_clean.fastq.gz,/home/jbonnier/work/chapitre_5/raw_data/ind_dicorynia/EXPAND/DSW_AABOOSDA_5_2_22VLJNLT4.UDI294_clean.fastq.gz
DSW_AACA,IX27,EXPAND,Montagne_Fer,Feuille,Dicorynia_guianensis,/home/jbonnier/work/chapitre_5/raw_data/reference_genome/nuclear/Dgu_HS1_HYBRID_SCAFFOLD.fa,6,@RG\tID:DSW_AACA\tSM:DSW_AACA\tLB:EXPAND\tPL:ILLUMINA,/home/jbonnier/work/chapitre_5/raw_data/ind_dicorynia/EXPAND/DSW_AACAOSDA_6_1_22VLJNLT4.UDI343_clean.fastq.gz,/home/jbonnier/work/chapitre_5/raw_data/ind_dicorynia/EXPAND/DSW_AACAOSDA_6_2_22VLJNLT4.UDI343_clean.fastq.gz
DSW_AACE,IX31,EXPAND,Montagne_Fer,Feuille,Dicorynia_guianensis,/home/jbonnier/work/chapitre_5/raw_data/reference_genome/nuclear/Dgu_HS1_HYBRID_SCAFFOLD.fa,6,@RG\tID:DSW_AACE\tSM:DSW_AACE\tLB:EXPAND\tPL:ILLUMINA,/home/jbonnier/work/chapitre_5/raw_data/ind_dicorynia/EXPAND/DSW_AACEOSDA_6_1_22VLJNLT4.UDI296_clean.fastq.gz,/home/jbonnier/work/chapitre_5/raw_data/ind_dicorynia/EXPAND/DSW_AACEOSDA_6_2_22VLJNLT4.UDI296_clean.fastq.gz
DSW_AACF,IX32,EXPAND,Montagne_Fer,Feuille,Dicorynia_guianensis,/home/jbonnier/work/chapitre_5/raw_data/reference_genome/nuclear/Dgu_HS1_HYBRID_SCAFFOLD.fa,6,@RG\tID:DSW_AACF\tSM:DSW_AACF\tLB:EXPAND\tPL:ILLUMINA,/home/jbonnier/work/chapitre_5/raw_data/ind_dicorynia/EXPAND/DSW_AACFOSDA_6_1_22VLJNLT4.UDI308_clean.fastq.gz,/home/jbonnier/work/chapitre_5/raw_data/ind_dicorynia/EXPAND/DSW_AACFOSDA_6_2_22VLJNLT4.UDI308_clean.fastq.gz
DSW_AACH,IX34,EXPAND,Montagne_Fer,Feuille,Dicorynia_guianensis,/home/jbonnier/work/chapitre_5/raw_data/reference_genome/nuclear/Dgu_HS1_HYBRID_SCAFFOLD.fa,6,@RG\tID:DSW_AACH\tSM:DSW_AACH\tLB:EXPAND\tPL:ILLUMINA,/home/jbonnier/work/chapitre_5/raw_data/ind_dicorynia/EXPAND/DSW_AACHOSDA_6_1_22VLJNLT4.UDI332_clean.fastq.gz,/home/jbonnier/work/chapitre_5/raw_data/ind_dicorynia/EXPAND/DSW_AACHOSDA_6_2_22VLJNLT4.UDI332_clean.fastq.gz
DSW_AACI,IX35,EXPAND,Chutes_Voltaires,Feuille,Dicorynia_guianensis,/home/jbonnier/work/chapitre_5/raw_data/reference_genome/nuclear/Dgu_HS1_HYBRID_SCAFFOLD.fa,6,@RG\tID:DSW_AACI\tSM:DSW_AACI\tLB:EXPAND\tPL:ILLUMINA,/home/jbonnier/work/chapitre_5/raw_data/ind_dicorynia/EXPAND/DSW_AACIOSDA_6_1_22VLJNLT4.UDI344_clean.fastq.gz,/home/jbonnier/work/chapitre_5/raw_data/ind_dicorynia/EXPAND/DSW_AACIOSDA_6_2_22VLJNLT4.UDI344_clean.fastq.gz
DSW_AACJ,IX36,EXPAND,Chutes_Voltaires,Feuille,Dicorynia_guianensis,/home/jbonnier/work/chapitre_5/raw_data/reference_genome/nuclear/Dgu_HS1_HYBRID_SCAFFOLD.fa,6,@RG\tID:DSW_AACJ\tSM:DSW_AACJ\tLB:EXPAND\tPL:ILLUMINA,/home/jbonnier/work/chapitre_5/raw_data/ind_dicorynia/EXPAND/DSW_AACJOSDA_6_1_22VLJNLT4.UDI356_clean.fastq.gz,/home/jbonnier/work/chapitre_5/raw_data/ind_dicorynia/EXPAND/DSW_AACJOSDA_6_2_22VLJNLT4.UDI356_clean.fastq.gz
DSW_AACK,IX37,EXPAND,Chutes_Voltaires,Feuille,Dicorynia_guianensis,/home/jbonnier/work/chapitre_5/raw_data/reference_genome/nuclear/Dgu_HS1_HYBRID_SCAFFOLD.fa,6,@RG\tID:DSW_AACK\tSM:DSW_AACK\tLB:EXPAND\tPL:ILLUMINA,/home/jbonnier/work/chapitre_5/raw_data/ind_dicorynia/EXPAND/DSW_AACKOSDA_6_1_22VLJNLT4.UDI368_clean.fastq.gz,/home/jbonnier/work/chapitre_5/raw_data/ind_dicorynia/EXPAND/DSW_AACKOSDA_6_2_22VLJNLT4.UDI368_clean.fastq.gz
DSW_AACM,IX39,EXPAND,Chutes_Voltaires,Feuille,Dicorynia_guianensis,/home/jbonnier/work/chapitre_5/raw_data/reference_genome/nuclear/Dgu_HS1_HYBRID_SCAFFOLD.fa,7,@RG\tID:DSW_AACM\tSM:DSW_AACM\tLB:EXPAND\tPL:ILLUMINA,/home/jbonnier/work/chapitre_5/raw_data/ind_dicorynia/EXPAND/DSW_AACMOSDA_7_1_22VLJNLT4.UDI297_clean.fastq.gz,/home/jbonnier/work/chapitre_5/raw_data/ind_dicorynia/EXPAND/DSW_AACMOSDA_7_2_22VLJNLT4.UDI297_clean.fastq.gz
DSW_AACN,IX40,EXPAND,Chutes_Voltaires,Feuille,Dicorynia_guianensis,/home/jbonnier/work/chapitre_5/raw_data/reference_genome/nuclear/Dgu_HS1_HYBRID_SCAFFOLD.fa,7,@RG\tID:DSW_AACN\tSM:DSW_AACN\tLB:EXPAND\tPL:ILLUMINA,/home/jbonnier/work/chapitre_5/raw_data/ind_dicorynia/EXPAND/DSW_AACNOSDA_7_1_22VLJNLT4.UDI309_clean.fastq.gz,/home/jbonnier/work/chapitre_5/raw_data/ind_dicorynia/EXPAND/DSW_AACNOSDA_7_2_22VLJNLT4.UDI309_clean.fastq.gz
DSW_AACO,IX41,EXPAND,Chutes_Voltaires,Feuille,Dicorynia_guianensis,/home/jbonnier/work/chapitre_5/raw_data/reference_genome/nuclear/Dgu_HS1_HYBRID_SCAFFOLD.fa,7,@RG\tID:DSW_AACO\tSM:DSW_AACO\tLB:EXPAND\tPL:ILLUMINA,/home/jbonnier/work/chapitre_5/raw_data/ind_dicorynia/EXPAND/DSW_AACOOSDA_7_1_22VLJNLT4.UDI321_clean.fastq.gz,/home/jbonnier/work/chapitre_5/raw_data/ind_dicorynia/EXPAND/DSW_AACOOSDA_7_2_22VLJNLT4.UDI321_clean.fastq.gz
DSW_AACP,IX42,EXPAND,Chutes_Voltaires,Feuille,Dicorynia_guianensis,/home/jbonnier/work/chapitre_5/raw_data/reference_genome/nuclear/Dgu_HS1_HYBRID_SCAFFOLD.fa,7,@RG\tID:DSW_AACP\tSM:DSW_AACP\tLB:EXPAND\tPL:ILLUMINA,/home/jbonnier/work/chapitre_5/raw_data/ind_dicorynia/EXPAND/DSW_AACPOSDA_7_1_22VLJNLT4.UDI333_clean.fastq.gz,/home/jbonnier/work/chapitre_5/raw_data/ind_dicorynia/EXPAND/DSW_AACPOSDA_7_2_22VLJNLT4.UDI333_clean.fastq.gz
DSW_AACQ,IX43,EXPAND,Chutes_Voltaires,Feuille,Dicorynia_guianensis,/home/jbonnier/work/chapitre_5/raw_data/reference_genome/nuclear/Dgu_HS1_HYBRID_SCAFFOLD.fa,7,@RG\tID:DSW_AACQ\tSM:DSW_AACQ\tLB:EXPAND\tPL:ILLUMINA,/home/jbonnier/work/chapitre_5/raw_data/ind_dicorynia/EXPAND/DSW_AACQOSDA_7_1_22VLJNLT4.UDI345_clean.fastq.gz,/home/jbonnier/work/chapitre_5/raw_data/ind_dicorynia/EXPAND/DSW_AACQOSDA_7_2_22VLJNLT4.UDI345_clean.fastq.gz
DSW_AACT,IX46,EXPAND,Saul,Feuille,Dicorynia_guianensis,/home/jbonnier/work/chapitre_5/raw_data/reference_genome/nuclear/Dgu_HS1_HYBRID_SCAFFOLD.fa,7,@RG\tID:DSW_AACT\tSM:DSW_AACT\tLB:EXPAND\tPL:ILLUMINA,/home/jbonnier/work/chapitre_5/raw_data/ind_dicorynia/EXPAND/DSW_AACTOSDA_7_1_22VLJNLT4.UDI381_clean.fastq.gz,/home/jbonnier/work/chapitre_5/raw_data/ind_dicorynia/EXPAND/DSW_AACTOSDA_7_2_22VLJNLT4.UDI381_clean.fastq.gz
DSW_AACU,IX47,EXPAND,Saul,Feuille,Dicorynia_guianensis,/home/jbonnier/work/chapitre_5/raw_data/reference_genome/nuclear/Dgu_HS1_HYBRID_SCAFFOLD.fa,7,@RG\tID:DSW_AACU\tSM:DSW_AACU\tLB:EXPAND\tPL:ILLUMINA,/home/jbonnier/work/chapitre_5/raw_data/ind_dicorynia/EXPAND/DSW_AACUOSDA_7_1_22VLJNLT4.UDI298_clean.fastq.gz,/home/jbonnier/work/chapitre_5/raw_data/ind_dicorynia/EXPAND/DSW_AACUOSDA_7_2_22VLJNLT4.UDI298_clean.fastq.gz
DSW_AACV,IX48,EXPAND,Saul,Feuille,Dicorynia_guianensis,/home/jbonnier/work/chapitre_5/raw_data/reference_genome/nuclear/Dgu_HS1_HYBRID_SCAFFOLD.fa,7,@RG\tID:DSW_AACV\tSM:DSW_AACV\tLB:EXPAND\tPL:ILLUMINA,/home/jbonnier/work/chapitre_5/raw_data/ind_dicorynia/EXPAND/DSW_AACVOSDA_7_1_22VLJNLT4.UDI310_clean.fastq.gz,/home/jbonnier/work/chapitre_5/raw_data/ind_dicorynia/EXPAND/DSW_AACVOSDA_7_2_22VLJNLT4.UDI310_clean.fastq.gz
DSW_AACX,IX50,EXPAND,Saul,Feuille,Dicorynia_guianensis,/home/jbonnier/work/chapitre_5/raw_data/reference_genome/nuclear/Dgu_HS1_HYBRID_SCAFFOLD.fa,7,@RG\tID:DSW_AACX\tSM:DSW_AACX\tLB:EXPAND\tPL:ILLUMINA,/home/jbonnier/work/chapitre_5/raw_data/ind_dicorynia/EXPAND/DSW_AACXOSDA_7_1_22VLJNLT4.UDI334_clean.fastq.gz,/home/jbonnier/work/chapitre_5/raw_data/ind_dicorynia/EXPAND/DSW_AACXOSDA_7_2_22VLJNLT4.UDI334_clean.fastq.gz
DSW_AACY,IX51,EXPAND,Saul,Feuille,Dicorynia_guianensis,/home/jbonnier/work/chapitre_5/raw_data/reference_genome/nuclear/Dgu_HS1_HYBRID_SCAFFOLD.fa,7,@RG\tID:DSW_AACY\tSM:DSW_AACY\tLB:EXPAND\tPL:ILLUMINA,/home/jbonnier/work/chapitre_5/raw_data/ind_dicorynia/EXPAND/DSW_AACYOSDA_7_1_22VLJNLT4.UDI346_clean.fastq.gz,/home/jbonnier/work/chapitre_5/raw_data/ind_dicorynia/EXPAND/DSW_AACYOSDA_7_2_22VLJNLT4.UDI346_clean.fastq.gz
DSW_AACZ,IX52,EXPAND,Saul,Feuille,Dicorynia_guianensis,/home/jbonnier/work/chapitre_5/raw_data/reference_genome/nuclear/Dgu_HS1_HYBRID_SCAFFOLD.fa,7,@RG\tID:DSW_AACZ\tSM:DSW_AACZ\tLB:EXPAND\tPL:ILLUMINA,/home/jbonnier/work/chapitre_5/raw_data/ind_dicorynia/EXPAND/DSW_AACZOSDA_7_1_22VLJNLT4.UDI358_clean.fastq.gz,/home/jbonnier/work/chapitre_5/raw_data/ind_dicorynia/EXPAND/DSW_AACZOSDA_7_2_22VLJNLT4.UDI358_clean.fastq.gz
DSW_AADA,IX53,EXPAND,Saul,Feuille,Dicorynia_guianensis,/home/jbonnier/work/chapitre_5/raw_data/reference_genome/nuclear/Dgu_HS1_HYBRID_SCAFFOLD.fa,7,@RG\tID:DSW_AADA\tSM:DSW_AADA\tLB:EXPAND\tPL:ILLUMINA,/home/jbonnier/work/chapitre_5/raw_data/ind_dicorynia/EXPAND/DSW_AADAOSDA_7_1_22VLJNLT4.UDI370_clean.fastq.gz,/home/jbonnier/work/chapitre_5/raw_data/ind_dicorynia/EXPAND/DSW_AADAOSDA_7_2_22VLJNLT4.UDI370_clean.fastq.gz
