sample_id	bam_path	total_reads_in_bam	mapq20_reads	mapq20_pct	proper_pair_reads	proper_pair_pct	avg_depth_q20	breadth_1x_q20	breadth_5x_q20	breadth_10x_q20	note
DSW_AACO	/home/jbonnier/work/chapitre_5/full_workflow_chloroplastic/03-alignment/workflow_full/alignments/DSW_AACO.sorted.bam	1045190	703906	67.3472	1030368	98.5819	508.290042	0.706556	0.698637	0.693093	MAPPED_ONLY_BAM
DSW_AAAV	/home/jbonnier/work/chapitre_5/full_workflow_chloroplastic/03-alignment/workflow_full/alignments/DSW_AAAV.sorted.bam	316799	207711	65.5655	304424	96.0937	154.788052	0.708923	0.697796	0.690476	MAPPED_ONLY_BAM
DSW_AACP	/home/jbonnier/work/chapitre_5/full_workflow_chloroplastic/03-alignment/workflow_full/alignments/DSW_AACP.sorted.bam	1149904	788458	68.5673	1137369	98.9099	523.973379	0.701435	0.694420	0.691921	MAPPED_ONLY_BAM
DSW_AAAW	/home/jbonnier/work/chapitre_5/full_workflow_chloroplastic/03-alignment/workflow_full/alignments/DSW_AAAW.sorted.bam	1115292	768179	68.8769	1100139	98.6413	517.625938	0.707609	0.698538	0.694719	MAPPED_ONLY_BAM
DBR_ADA	/home/jbonnier/work/chapitre_5/full_workflow_chloroplastic/03-alignment/workflow_full/alignments/DBR_ADA.sorted.bam	718603	488784	68.0186	712448	99.1435	240.916243	0.691068	0.686165	0.684414	MAPPED_ONLY_BAM
DSW_AACW	/home/jbonnier/work/chapitre_5/full_workflow_chloroplastic/03-alignment/workflow_full/alignments/DSW_AACW.sorted.bam	900586	581240	64.5402	886186	98.4010	434.990374	0.712394	0.703653	0.698644	MAPPED_ONLY_BAM
DBR_AEM	/home/jbonnier/work/chapitre_5/full_workflow_chloroplastic/03-alignment/workflow_full/alignments/DBR_AEM.sorted.bam	1099530	744517	67.7123	1088474	98.9945	467.448848	0.693990	0.686738	0.684695	MAPPED_ONLY_BAM
DBR_AEE	/home/jbonnier/work/chapitre_5/full_workflow_chloroplastic/03-alignment/workflow_full/alignments/DBR_AEE.sorted.bam	1268849	890917	70.2146	1259541	99.2664	412.555763	0.691498	0.685523	0.683866	MAPPED_ONLY_BAM
DBR_AFY	/home/jbonnier/work/chapitre_5/full_workflow_chloroplastic/03-alignment/workflow_full/alignments/DBR_AFY.sorted.bam	2687665	1777145	66.1223	2651629	98.6592	1527.171963	0.715976	0.707385	0.703665	MAPPED_ONLY_BAM
DSW_AAAX	/home/jbonnier/work/chapitre_5/full_workflow_chloroplastic/03-alignment/workflow_full/alignments/DSW_AAAX.sorted.bam	1045089	710584	67.9927	1029963	98.5527	490.102410	0.704787	0.697516	0.692731	MAPPED_ONLY_BAM
DBR_AFT	/home/jbonnier/work/chapitre_5/full_workflow_chloroplastic/03-alignment/workflow_full/alignments/DBR_AFT.sorted.bam	3119946	2070202	66.3538	3085430	98.8937	1731.571170	0.712319	0.703715	0.701211	MAPPED_ONLY_BAM
DBR_AFX	/home/jbonnier/work/chapitre_5/full_workflow_chloroplastic/03-alignment/workflow_full/alignments/DBR_AFX.sorted.bam	1993286	1338351	67.1429	1957280	98.1936	1196.743077	0.719097	0.709733	0.705802	MAPPED_ONLY_BAM
DSW_AAAY	/home/jbonnier/work/chapitre_5/full_workflow_chloroplastic/03-alignment/workflow_full/alignments/DSW_AAAY.sorted.bam	640461	450883	70.3998	632723	98.7918	240.552218	0.701323	0.691448	0.687560	MAPPED_ONLY_BAM
DBR_ADC	/home/jbonnier/work/chapitre_5/full_workflow_chloroplastic/03-alignment/workflow_full/alignments/DBR_ADC.sorted.bam	1530796	1039987	67.9377	1514638	98.9445	774.325454	0.698451	0.690327	0.688433	MAPPED_ONLY_BAM
DSW_AABX	/home/jbonnier/work/chapitre_5/full_workflow_chloroplastic/03-alignment/workflow_full/alignments/DSW_AABX.sorted.bam	2864847	1866802	65.1624	2825831	98.6381	1575.829812	0.721695	0.713845	0.710188	MAPPED_ONLY_BAM
DBR_AET	/home/jbonnier/work/chapitre_5/full_workflow_chloroplastic/03-alignment/workflow_full/alignments/DBR_AET.sorted.bam	2873778	1853447	64.4951	2836156	98.6909	1430.184187	0.708151	0.696837	0.694769	MAPPED_ONLY_BAM
DSW_AAAQ	/home/jbonnier/work/chapitre_5/full_workflow_chloroplastic/03-alignment/workflow_full/alignments/DSW_AAAQ.sorted.bam	3041934	1972445	64.8418	3014204	99.0884	1690.121780	0.720138	0.712998	0.709254	MAPPED_ONLY_BAM
DBR_AGL	/home/jbonnier/work/chapitre_5/full_workflow_chloroplastic/03-alignment/workflow_full/alignments/DBR_AGL.sorted.bam	3154749	1974290	62.5815	3116498	98.7875	1695.521347	0.725358	0.711795	0.707802	MAPPED_ONLY_BAM
DSW_AAAZ	/home/jbonnier/work/chapitre_5/full_workflow_chloroplastic/03-alignment/workflow_full/alignments/DSW_AAAZ.sorted.bam	890992	610750	68.5472	878627	98.6122	403.370760	0.702643	0.695684	0.691616	MAPPED_ONLY_BAM
DSW_AABM	/home/jbonnier/work/chapitre_5/full_workflow_chloroplastic/03-alignment/workflow_full/alignments/DSW_AABM.sorted.bam	3477357	2263167	65.0830	3446611	99.1158	1941.593262	0.719103	0.711752	0.707434	MAPPED_ONLY_BAM
DBR_AFZ	/home/jbonnier/work/chapitre_5/full_workflow_chloroplastic/03-alignment/workflow_full/alignments/DBR_AFZ.sorted.bam	1744995	1146979	65.7296	1719089	98.5154	973.435783	0.714144	0.702974	0.698613	MAPPED_ONLY_BAM
DBR_AER	/home/jbonnier/work/chapitre_5/full_workflow_chloroplastic/03-alignment/workflow_full/alignments/DBR_AER.sorted.bam	2360640	1531519	64.8773	2332047	98.7888	1216.575649	0.707983	0.697061	0.693971	MAPPED_ONLY_BAM
DBR_AFF	/home/jbonnier/work/chapitre_5/full_workflow_chloroplastic/03-alignment/workflow_full/alignments/DBR_AFF.sorted.bam	3633566	2332615	64.1963	3599563	99.0642	2027.861561	0.720287	0.710045	0.707023	MAPPED_ONLY_BAM
DSW_AAAA	/home/jbonnier/work/chapitre_5/full_workflow_chloroplastic/03-alignment/workflow_full/alignments/DSW_AAAA.sorted.bam	2484659	1606617	64.6615	2457637	98.9124	1331.197008	0.720711	0.713415	0.708855	MAPPED_ONLY_BAM
DSW_AADB	/home/jbonnier/work/chapitre_5/full_workflow_chloroplastic/03-alignment/workflow_full/alignments/DSW_AADB.sorted.bam	2957435	1881975	63.6354	2928735	99.0296	1605.666671	0.721845	0.715016	0.709409	MAPPED_ONLY_BAM
DBR_ADI	/home/jbonnier/work/chapitre_5/full_workflow_chloroplastic/03-alignment/workflow_full/alignments/DBR_ADI.sorted.bam	5185804	3376948	65.1191	5140781	99.1318	2929.149822	0.729333	0.710792	0.706487	MAPPED_ONLY_BAM
DBR_ADD	/home/jbonnier/work/chapitre_5/full_workflow_chloroplastic/03-alignment/workflow_full/alignments/DBR_ADD.sorted.bam	1349943	916907	67.9219	1334130	98.8286	672.301363	0.700002	0.695348	0.690713	MAPPED_ONLY_BAM
DSW_AABA	/home/jbonnier/work/chapitre_5/full_workflow_chloroplastic/03-alignment/workflow_full/alignments/DSW_AABA.sorted.bam	961625	662326	68.8757	948597	98.6452	445.239734	0.703715	0.695983	0.692569	MAPPED_ONLY_BAM
DBR_AEK	/home/jbonnier/work/chapitre_5/full_workflow_chloroplastic/03-alignment/workflow_full/alignments/DBR_AEK.sorted.bam	2993811	1960856	65.4970	2961200	98.9107	1529.705484	0.706575	0.696912	0.693878	MAPPED_ONLY_BAM
DSW_AAAD	/home/jbonnier/work/chapitre_5/full_workflow_chloroplastic/03-alignment/workflow_full/alignments/DSW_AAAD.sorted.bam	554299	365238	65.8919	545205	98.3594	194.848970	0.698345	0.689174	0.685673	MAPPED_ONLY_BAM
DBR_AGD	/home/jbonnier/work/chapitre_5/full_workflow_chloroplastic/03-alignment/workflow_full/alignments/DBR_AGD.sorted.bam	3250694	2052728	63.1474	3213678	98.8613	1636.997340	0.722611	0.701809	0.699634	MAPPED_ONLY_BAM
DBR_AGM	/home/jbonnier/work/chapitre_5/full_workflow_chloroplastic/03-alignment/workflow_full/alignments/DBR_AGM.sorted.bam	1630342	1068047	65.5106	1609009	98.6915	854.824604	0.713571	0.701703	0.698214	MAPPED_ONLY_BAM
DBR_AEU	/home/jbonnier/work/chapitre_5/full_workflow_chloroplastic/03-alignment/workflow_full/alignments/DBR_AEU.sorted.bam	1437876	984351	68.4587	1425849	99.1636	660.788743	0.692943	0.687230	0.685635	MAPPED_ONLY_BAM
DSW_AABB	/home/jbonnier/work/chapitre_5/full_workflow_chloroplastic/03-alignment/workflow_full/alignments/DSW_AABB.sorted.bam	878545	619694	70.5364	871063	99.1484	350.787099	0.696525	0.691261	0.687984	MAPPED_ONLY_BAM
DBR_ADG	/home/jbonnier/work/chapitre_5/full_workflow_chloroplastic/03-alignment/workflow_full/alignments/DBR_ADG.sorted.bam	1404570	929039	66.1440	1394691	99.2967	634.223193	0.696195	0.690999	0.688825	MAPPED_ONLY_BAM
DSW_AAAG	/home/jbonnier/work/chapitre_5/full_workflow_chloroplastic/03-alignment/workflow_full/alignments/DSW_AAAG.sorted.bam	779284	512429	65.7564	766158	98.3156	335.321261	0.696862	0.689398	0.687324	MAPPED_ONLY_BAM
DBR_AFV	/home/jbonnier/work/chapitre_5/full_workflow_chloroplastic/03-alignment/workflow_full/alignments/DBR_AFV.sorted.bam	2792593	1828504	65.4769	2762816	98.9337	1431.433030	0.706724	0.697111	0.694987	MAPPED_ONLY_BAM
DSW_AAAR	/home/jbonnier/work/chapitre_5/full_workflow_chloroplastic/03-alignment/workflow_full/alignments/DSW_AAAR.sorted.bam	2787335	1820523	65.3141	2761914	99.0880	1510.919059	0.720792	0.709808	0.704494	MAPPED_ONLY_BAM
DSW_AACQ	/home/jbonnier/work/chapitre_5/full_workflow_chloroplastic/03-alignment/workflow_full/alignments/DSW_AACQ.sorted.bam	7363722	4858175	65.9744	7292929	99.0386	4096.173091	0.710400	0.702189	0.700606	MAPPED_ONLY_BAM
DBR_AGB	/home/jbonnier/work/chapitre_5/full_workflow_chloroplastic/03-alignment/workflow_full/alignments/DBR_AGB.sorted.bam	3905356	2526237	64.6865	3875806	99.2433	2156.632424	0.723427	0.708556	0.704550	MAPPED_ONLY_BAM
DBR_AFL	/home/jbonnier/work/chapitre_5/full_workflow_chloroplastic/03-alignment/workflow_full/alignments/DBR_AFL.sorted.bam	2617076	1690255	64.5856	2589272	98.9376	1398.914311	0.724935	0.704886	0.702164	MAPPED_ONLY_BAM
DSW_AABY	/home/jbonnier/work/chapitre_5/full_workflow_chloroplastic/03-alignment/workflow_full/alignments/DSW_AABY.sorted.bam	3835273	2517431	65.6389	3795103	98.9526	2206.823744	0.726542	0.715135	0.712836	MAPPED_ONLY_BAM
DBR_AGH	/home/jbonnier/work/chapitre_5/full_workflow_chloroplastic/03-alignment/workflow_full/alignments/DBR_AGH.sorted.bam	1539248	1049073	68.1549	1522247	98.8955	661.301007	0.699915	0.688227	0.686402	MAPPED_ONLY_BAM
DSW_AACT	/home/jbonnier/work/chapitre_5/full_workflow_chloroplastic/03-alignment/workflow_full/alignments/DSW_AACT.sorted.bam	640153	427293	66.7486	627282	97.9894	269.658080	0.703715	0.695454	0.690594	MAPPED_ONLY_BAM
DBR_AGC	/home/jbonnier/work/chapitre_5/full_workflow_chloroplastic/03-alignment/workflow_full/alignments/DBR_AGC.sorted.bam	3190498	2060323	64.5768	3151414	98.7750	1784.085259	0.721415	0.708687	0.704899	MAPPED_ONLY_BAM
DBR_AED	/home/jbonnier/work/chapitre_5/full_workflow_chloroplastic/03-alignment/workflow_full/alignments/DBR_AED.sorted.bam	1061534	729847	68.7540	1052677	99.1656	401.776395	0.693174	0.685729	0.684096	MAPPED_ONLY_BAM
DSW_AAAJ	/home/jbonnier/work/chapitre_5/full_workflow_chloroplastic/03-alignment/workflow_full/alignments/DSW_AAAJ.sorted.bam	950995	638155	67.1039	939687	98.8109	396.355066	0.696575	0.689940	0.686950	MAPPED_ONLY_BAM
DSW_AABC	/home/jbonnier/work/chapitre_5/full_workflow_chloroplastic/03-alignment/workflow_full/alignments/DSW_AABC.sorted.bam	1063577	738401	69.4262	1048679	98.5993	461.782744	0.702307	0.696096	0.691797	MAPPED_ONLY_BAM
DSW_AABO	/home/jbonnier/work/chapitre_5/full_workflow_chloroplastic/03-alignment/workflow_full/alignments/DSW_AABO.sorted.bam	6035265	3728717	61.7822	5936922	98.3705	2730.028920	0.735246	0.669393	0.655307	MAPPED_ONLY_BAM
DBR_AEY	/home/jbonnier/work/chapitre_5/full_workflow_chloroplastic/03-alignment/workflow_full/alignments/DBR_AEY.sorted.bam	2169995	1480392	68.2210	2148249	98.9979	1101.999159	0.698993	0.692551	0.690688	MAPPED_ONLY_BAM
DSW_AABN	/home/jbonnier/work/chapitre_5/full_workflow_chloroplastic/03-alignment/workflow_full/alignments/DSW_AABN.sorted.bam	3861546	2504187	64.8493	3824242	99.0340	2155.396783	0.726947	0.717184	0.713104	MAPPED_ONLY_BAM
DBR_AFA	/home/jbonnier/work/chapitre_5/full_workflow_chloroplastic/03-alignment/workflow_full/alignments/DBR_AFA.sorted.bam	2205284	1475599	66.9120	2181050	98.9011	1096.552373	0.703005	0.692146	0.689803	MAPPED_ONLY_BAM
DSW_AABD	/home/jbonnier/work/chapitre_5/full_workflow_chloroplastic/03-alignment/workflow_full/alignments/DSW_AABD.sorted.bam	539653	379881	70.3936	526496	97.5620	246.425229	0.699485	0.692937	0.689660	MAPPED_ONLY_BAM
DSW_AACU	/home/jbonnier/work/chapitre_5/full_workflow_chloroplastic/03-alignment/workflow_full/alignments/DSW_AACU.sorted.bam	1000537	712483	71.2101	988447	98.7916	404.976245	0.699809	0.692364	0.689822	MAPPED_ONLY_BAM
DBR_AEG	/home/jbonnier/work/chapitre_5/full_workflow_chloroplastic/03-alignment/workflow_full/alignments/DBR_AEG.sorted.bam	918067	630534	68.6806	908158	98.9207	413.049972	0.692881	0.688003	0.685710	MAPPED_ONLY_BAM
DSW_AAAK	/home/jbonnier/work/chapitre_5/full_workflow_chloroplastic/03-alignment/workflow_full/alignments/DSW_AAAK.sorted.bam	820056	593188	72.3351	813355	99.1829	242.281183	0.693273	0.685641	0.683523	MAPPED_ONLY_BAM
DSW_AAAB	/home/jbonnier/work/chapitre_5/full_workflow_chloroplastic/03-alignment/workflow_full/alignments/DSW_AAAB.sorted.bam	3976827	2574975	64.7495	3940021	99.0745	2123.693273	0.726536	0.710313	0.707353	MAPPED_ONLY_BAM
DBR_AGF	/home/jbonnier/work/chapitre_5/full_workflow_chloroplastic/03-alignment/workflow_full/alignments/DBR_AGF.sorted.bam	1043131	715209	68.5637	1028767	98.6230	472.402695	0.696226	0.690264	0.688619	MAPPED_ONLY_BAM
DBR_ACW	/home/jbonnier/work/chapitre_5/full_workflow_chloroplastic/03-alignment/workflow_full/alignments/DBR_ACW.sorted.bam	1641612	1057987	64.4481	1618246	98.5766	870.032365	0.721352	0.704251	0.700052	MAPPED_ONLY_BAM
DBR_ACY	/home/jbonnier/work/chapitre_5/full_workflow_chloroplastic/03-alignment/workflow_full/alignments/DBR_ACY.sorted.bam	2633528	1569774	59.6073	2555094	97.0217	974.737669	0.724467	0.570079	0.523048	MAPPED_ONLY_BAM
DSW_AACA	/home/jbonnier/work/chapitre_5/full_workflow_chloroplastic/03-alignment/workflow_full/alignments/DSW_AACA.sorted.bam	921034	625446	67.9069	905814	98.3475	398.796637	0.703646	0.697491	0.692152	MAPPED_ONLY_BAM
DBR_AFW	/home/jbonnier/work/chapitre_5/full_workflow_chloroplastic/03-alignment/workflow_full/alignments/DBR_AFW.sorted.bam	2460854	1705552	69.3073	2439614	99.1369	1196.866881	0.695117	0.689161	0.687336	MAPPED_ONLY_BAM
DSW_AABF	/home/jbonnier/work/chapitre_5/full_workflow_chloroplastic/03-alignment/workflow_full/alignments/DSW_AABF.sorted.bam	834497	599997	71.8992	828354	99.2639	232.331117	0.687006	0.684470	0.682558	MAPPED_ONLY_BAM
DBR_AEN	/home/jbonnier/work/chapitre_5/full_workflow_chloroplastic/03-alignment/workflow_full/alignments/DBR_AEN.sorted.bam	668820	449801	67.2529	661307	98.8767	244.942172	0.692420	0.686794	0.683785	MAPPED_ONLY_BAM
DBR_ADR	/home/jbonnier/work/chapitre_5/full_workflow_chloroplastic/03-alignment/workflow_full/alignments/DBR_ADR.sorted.bam	4539293	2845226	62.6799	4497638	99.0823	2486.643769	0.720474	0.711079	0.706562	MAPPED_ONLY_BAM
DSW_AACV	/home/jbonnier/work/chapitre_5/full_workflow_chloroplastic/03-alignment/workflow_full/alignments/DSW_AACV.sorted.bam	1051358	681270	64.7991	1036084	98.5472	509.872719	0.715920	0.701753	0.697011	MAPPED_ONLY_BAM
DSW_AAAT	/home/jbonnier/work/chapitre_5/full_workflow_chloroplastic/03-alignment/workflow_full/alignments/DSW_AAAT.sorted.bam	2943435	1898416	64.4966	2913066	98.9682	1635.825975	0.725402	0.716929	0.710225	MAPPED_ONLY_BAM
DBR_ACZ	/home/jbonnier/work/chapitre_5/full_workflow_chloroplastic/03-alignment/workflow_full/alignments/DBR_ACZ.sorted.bam	1002554	694878	69.3108	992279	98.9751	474.570989	0.695859	0.691784	0.689722	MAPPED_ONLY_BAM
DBR_AFN	/home/jbonnier/work/chapitre_5/full_workflow_chloroplastic/03-alignment/workflow_full/alignments/DBR_AFN.sorted.bam	2014152	1364976	67.7693	1994238	99.0113	882.390596	0.696469	0.691143	0.688881	MAPPED_ONLY_BAM
DSW_AAAN	/home/jbonnier/work/chapitre_5/full_workflow_chloroplastic/03-alignment/workflow_full/alignments/DSW_AAAN.sorted.bam	1364944	969113	71.0002	1353167	99.1372	618.210746	0.699323	0.693136	0.690713	MAPPED_ONLY_BAM
DBR_AEC	/home/jbonnier/work/chapitre_5/full_workflow_chloroplastic/03-alignment/workflow_full/alignments/DBR_AEC.sorted.bam	2890815	1914462	66.2257	2860068	98.9364	1658.173253	0.721602	0.709727	0.704942	MAPPED_ONLY_BAM
DBR_ACX	/home/jbonnier/work/chapitre_5/full_workflow_chloroplastic/03-alignment/workflow_full/alignments/DBR_ACX.sorted.bam	1750347	1138279	65.0316	1719226	98.2220	882.891715	0.710188	0.699379	0.696370	MAPPED_ONLY_BAM
DBR_ADS	/home/jbonnier/work/chapitre_5/full_workflow_chloroplastic/03-alignment/workflow_full/alignments/DBR_ADS.sorted.bam	1045186	735637	70.3834	1019327	97.5259	540.818935	0.687722	0.670521	0.660796	MAPPED_ONLY_BAM
DSW_AACX	/home/jbonnier/work/chapitre_5/full_workflow_chloroplastic/03-alignment/workflow_full/alignments/DSW_AACX.sorted.bam	1388023	976476	70.3501	1374685	99.0391	695.514825	0.706942	0.697092	0.693174	MAPPED_ONLY_BAM
DSW_AACE	/home/jbonnier/work/chapitre_5/full_workflow_chloroplastic/03-alignment/workflow_full/alignments/DSW_AACE.sorted.bam	1592252	1082978	68.0155	1569632	98.5794	790.605448	0.706114	0.698581	0.694575	MAPPED_ONLY_BAM
DBR_ADF	/home/jbonnier/work/chapitre_5/full_workflow_chloroplastic/03-alignment/workflow_full/alignments/DBR_ADF.sorted.bam	3410803	2219346	65.0681	3383155	99.1894	1916.254631	0.728374	0.707403	0.704251	MAPPED_ONLY_BAM
DBR_AFP	/home/jbonnier/work/chapitre_5/full_workflow_chloroplastic/03-alignment/workflow_full/alignments/DBR_AFP.sorted.bam	742017	527070	71.0321	737393	99.3768	208.743382	0.688302	0.684626	0.681997	MAPPED_ONLY_BAM
DSW_AAAC	/home/jbonnier/work/chapitre_5/full_workflow_chloroplastic/03-alignment/workflow_full/alignments/DSW_AAAC.sorted.bam	2525617	1623600	64.2853	2499337	98.9595	1362.912218	0.719178	0.712070	0.707210	MAPPED_ONLY_BAM
DBR_AEF	/home/jbonnier/work/chapitre_5/full_workflow_chloroplastic/03-alignment/workflow_full/alignments/DBR_AEF.sorted.bam	2591227	1684420	65.0047	2555119	98.6065	1401.870059	0.717814	0.706332	0.701497	MAPPED_ONLY_BAM
DBR_ADE	/home/jbonnier/work/chapitre_5/full_workflow_chloroplastic/03-alignment/workflow_full/alignments/DBR_ADE.sorted.bam	1309509	918976	70.1771	1299937	99.2690	618.002635	0.691884	0.687025	0.685286	MAPPED_ONLY_BAM
DSW_AACY	/home/jbonnier/work/chapitre_5/full_workflow_chloroplastic/03-alignment/workflow_full/alignments/DSW_AACY.sorted.bam	804659	574028	71.3380	792577	98.4985	312.707304	0.700232	0.692775	0.688943	MAPPED_ONLY_BAM
DBR_AEJ	/home/jbonnier/work/chapitre_5/full_workflow_chloroplastic/03-alignment/workflow_full/alignments/DBR_AEJ.sorted.bam	2357325	1514378	64.2414	2330144	98.8470	1313.522917	0.717857	0.708176	0.703902	MAPPED_ONLY_BAM
DBR_AFB	/home/jbonnier/work/chapitre_5/full_workflow_chloroplastic/03-alignment/workflow_full/alignments/DBR_AFB.sorted.bam	3397901	2264863	66.6548	3364492	99.0168	1858.730866	0.706899	0.699005	0.694750	MAPPED_ONLY_BAM
DSW_AABP	/home/jbonnier/work/chapitre_5/full_workflow_chloroplastic/03-alignment/workflow_full/alignments/DSW_AABP.sorted.bam	3410209	2149040	63.0178	3322564	97.4299	1476.237236	0.686794	0.637003	0.620275	MAPPED_ONLY_BAM
DBR_ADU	/home/jbonnier/work/chapitre_5/full_workflow_chloroplastic/03-alignment/workflow_full/alignments/DBR_ADU.sorted.bam	1045461	697051	66.6740	1034915	98.9913	399.508582	0.693392	0.686588	0.684015	MAPPED_ONLY_BAM
DSW_AAAO	/home/jbonnier/work/chapitre_5/full_workflow_chloroplastic/03-alignment/workflow_full/alignments/DSW_AAAO.sorted.bam	1730514	1153587	66.6615	1678629	97.0018	733.909259	0.653812	0.618537	0.601130	MAPPED_ONLY_BAM
DSW_AABZ	/home/jbonnier/work/chapitre_5/full_workflow_chloroplastic/03-alignment/workflow_full/alignments/DSW_AABZ.sorted.bam	4716426	3028184	64.2051	4670246	99.0209	2666.265589	0.729944	0.718686	0.715727	MAPPED_ONLY_BAM
DBR_ADT	/home/jbonnier/work/chapitre_5/full_workflow_chloroplastic/03-alignment/workflow_full/alignments/DBR_ADT.sorted.bam	1275199	873607	68.5075	1264297	99.1451	469.966781	0.694750	0.687623	0.685573	MAPPED_ONLY_BAM
DSW_AACZ	/home/jbonnier/work/chapitre_5/full_workflow_chloroplastic/03-alignment/workflow_full/alignments/DSW_AACZ.sorted.bam	790963	560085	70.8105	778011	98.3625	301.913962	0.702475	0.693928	0.690202	MAPPED_ONLY_BAM
DSW_AABE	/home/jbonnier/work/chapitre_5/full_workflow_chloroplastic/03-alignment/workflow_full/alignments/DSW_AABE.sorted.bam	2883820	1866936	64.7383	2854782	98.9931	1565.294640	0.716798	0.708892	0.703759	MAPPED_ONLY_BAM
DSW_AACF	/home/jbonnier/work/chapitre_5/full_workflow_chloroplastic/03-alignment/workflow_full/alignments/DSW_AACF.sorted.bam	1253482	880237	70.2233	1239467	98.8819	496.351178	0.701790	0.692002	0.689585	MAPPED_ONLY_BAM
DBR_AFQ	/home/jbonnier/work/chapitre_5/full_workflow_chloroplastic/03-alignment/workflow_full/alignments/DBR_AFQ.sorted.bam	1744952	1170378	67.0722	1721691	98.6670	948.302148	0.710356	0.703372	0.700500	MAPPED_ONLY_BAM
DSW_AAAS	/home/jbonnier/work/chapitre_5/full_workflow_chloroplastic/03-alignment/workflow_full/alignments/DSW_AAAS.sorted.bam	863765	605737	70.1275	852210	98.6623	340.355832	0.699018	0.692320	0.688264	MAPPED_ONLY_BAM
DBR_AEW	/home/jbonnier/work/chapitre_5/full_workflow_chloroplastic/03-alignment/workflow_full/alignments/DBR_AEW.sorted.bam	3598074	2232062	62.0349	3565566	99.0965	1936.738847	0.720306	0.710057	0.707509	MAPPED_ONLY_BAM
DSW_AACB	/home/jbonnier/work/chapitre_5/full_workflow_chloroplastic/03-alignment/workflow_full/alignments/DSW_AACB.sorted.bam	955027	677329	70.9225	932708	97.6630	469.718237	0.706955	0.701192	0.695105	MAPPED_ONLY_BAM
DSW_AABQ	/home/jbonnier/work/chapitre_5/full_workflow_chloroplastic/03-alignment/workflow_full/alignments/DSW_AABQ.sorted.bam	1418126	931122	65.6586	1382354	97.4775	605.486160	0.668845	0.642342	0.626499	MAPPED_ONLY_BAM
DBR_AGE	/home/jbonnier/work/chapitre_5/full_workflow_chloroplastic/03-alignment/workflow_full/alignments/DBR_AGE.sorted.bam	3089935	1978600	64.0337	3057086	98.9369	1730.513622	0.726386	0.713241	0.707696	MAPPED_ONLY_BAM
DBR_ADB	/home/jbonnier/work/chapitre_5/full_workflow_chloroplastic/03-alignment/workflow_full/alignments/DBR_ADB.sorted.bam	2812062	1840942	65.4659	2785224	99.0456	1499.267894	0.718399	0.701566	0.698314	MAPPED_ONLY_BAM
DBR_ADW	/home/jbonnier/work/chapitre_5/full_workflow_chloroplastic/03-alignment/workflow_full/alignments/DBR_ADW.sorted.bam	1567511	1058553	67.5308	1554933	99.1976	681.256730	0.696532	0.688788	0.686956	MAPPED_ONLY_BAM
DSW_AACH	/home/jbonnier/work/chapitre_5/full_workflow_chloroplastic/03-alignment/workflow_full/alignments/DSW_AACH.sorted.bam	933830	654984	70.1395	920262	98.5471	433.967435	0.701865	0.693635	0.691996	MAPPED_ONLY_BAM
DSW_AAAE	/home/jbonnier/work/chapitre_5/full_workflow_chloroplastic/03-alignment/workflow_full/alignments/DSW_AAAE.sorted.bam	2643192	1707750	64.6094	2615055	98.9355	1358.266019	0.718530	0.707378	0.704108	MAPPED_ONLY_BAM
DSW_AADA	/home/jbonnier/work/chapitre_5/full_workflow_chloroplastic/03-alignment/workflow_full/alignments/DSW_AADA.sorted.bam	1629118	1130022	69.3640	1613830	99.0616	777.069428	0.701030	0.697099	0.694121	MAPPED_ONLY_BAM
DSW_AAAU	/home/jbonnier/work/chapitre_5/full_workflow_chloroplastic/03-alignment/workflow_full/alignments/DSW_AAAU.sorted.bam	1162988	798288	68.6411	1149652	98.8533	541.099077	0.706500	0.698314	0.693722	MAPPED_ONLY_BAM
DBR_AFR	/home/jbonnier/work/chapitre_5/full_workflow_chloroplastic/03-alignment/workflow_full/alignments/DBR_AFR.sorted.bam	1372880	923871	67.2944	1358195	98.9304	604.668129	0.698775	0.691180	0.688657	MAPPED_ONLY_BAM
DSW_AACI	/home/jbonnier/work/chapitre_5/full_workflow_chloroplastic/03-alignment/workflow_full/alignments/DSW_AACI.sorted.bam	693614	490012	70.6462	682019	98.3283	270.663182	0.700706	0.692476	0.689024	MAPPED_ONLY_BAM
DBR_AEL	/home/jbonnier/work/chapitre_5/full_workflow_chloroplastic/03-alignment/workflow_full/alignments/DBR_AEL.sorted.bam	2292289	1441252	62.8739	2262452	98.6984	1218.934260	0.718150	0.705677	0.702145	MAPPED_ONLY_BAM
DBR_ADQ	/home/jbonnier/work/chapitre_5/full_workflow_chloroplastic/03-alignment/workflow_full/alignments/DBR_ADQ.sorted.bam	1706260	1169340	68.5323	1685193	98.7653	850.617740	0.695286	0.690968	0.688769	MAPPED_ONLY_BAM
DBR_ADM	/home/jbonnier/work/chapitre_5/full_workflow_chloroplastic/03-alignment/workflow_full/alignments/DBR_ADM.sorted.bam	3286054	1933058	58.8261	3132373	95.3232	1291.331037	0.640149	0.534991	0.509990	MAPPED_ONLY_BAM
DBR_AFE	/home/jbonnier/work/chapitre_5/full_workflow_chloroplastic/03-alignment/workflow_full/alignments/DBR_AFE.sorted.bam	3666570	2387171	65.1064	3628496	98.9616	1860.380647	0.697354	0.693516	0.691722	MAPPED_ONLY_BAM
DSW_AACJ	/home/jbonnier/work/chapitre_5/full_workflow_chloroplastic/03-alignment/workflow_full/alignments/DSW_AACJ.sorted.bam	526877	377856	71.7162	511532	97.0876	239.512650	0.706406	0.696426	0.693024	MAPPED_ONLY_BAM
DSW_AABG	/home/jbonnier/work/chapitre_5/full_workflow_chloroplastic/03-alignment/workflow_full/alignments/DSW_AABG.sorted.bam	3174999	2061566	64.9312	3144841	99.0501	1703.727315	0.718804	0.710039	0.705590	MAPPED_ONLY_BAM
DSW_AABR	/home/jbonnier/work/chapitre_5/full_workflow_chloroplastic/03-alignment/workflow_full/alignments/DSW_AABR.sorted.bam	2301636	1376468	59.8039	2217610	96.3493	813.694800	0.668191	0.593355	0.564541	MAPPED_ONLY_BAM
DSW_AACC	/home/jbonnier/work/chapitre_5/full_workflow_chloroplastic/03-alignment/workflow_full/alignments/DSW_AACC.sorted.bam	2938786	1896201	64.5233	2909739	99.0116	1621.184903	0.723869	0.712836	0.709590	MAPPED_ONLY_BAM
DBR_ADN	/home/jbonnier/work/chapitre_5/full_workflow_chloroplastic/03-alignment/workflow_full/alignments/DBR_ADN.sorted.bam	801101	519667	64.8691	790836	98.7186	216.557725	0.638766	0.571419	0.542106	MAPPED_ONLY_BAM
DBR_ADY	/home/jbonnier/work/chapitre_5/full_workflow_chloroplastic/03-alignment/workflow_full/alignments/DBR_ADY.sorted.bam	2412390	1619179	67.1193	2386686	98.9345	1150.699422	0.715932	0.702039	0.698326	MAPPED_ONLY_BAM
DBR_AFU	/home/jbonnier/work/chapitre_5/full_workflow_chloroplastic/03-alignment/workflow_full/alignments/DBR_AFU.sorted.bam	1575811	1013289	64.3027	1557386	98.8308	715.253416	0.696525	0.691392	0.689180	MAPPED_ONLY_BAM
DSW_AAAF	/home/jbonnier/work/chapitre_5/full_workflow_chloroplastic/03-alignment/workflow_full/alignments/DSW_AAAF.sorted.bam	2413390	1569517	65.0337	2371181	98.2510	1402.576995	0.721564	0.714213	0.711802	MAPPED_ONLY_BAM
DSW_AACK	/home/jbonnier/work/chapitre_5/full_workflow_chloroplastic/03-alignment/workflow_full/alignments/DSW_AACK.sorted.bam	567883	380490	67.0015	556978	98.0797	242.912642	0.701852	0.692326	0.688638	MAPPED_ONLY_BAM
DBR_AEI	/home/jbonnier/work/chapitre_5/full_workflow_chloroplastic/03-alignment/workflow_full/alignments/DBR_AEI.sorted.bam	1604931	1085364	67.6268	1587120	98.8902	699.492483	0.693442	0.688937	0.687286	MAPPED_ONLY_BAM
DBR_AEQ	/home/jbonnier/work/chapitre_5/full_workflow_chloroplastic/03-alignment/workflow_full/alignments/DBR_AEQ.sorted.bam	1810215	1171731	64.7288	1791938	98.9903	998.046981	0.719596	0.708400	0.703734	MAPPED_ONLY_BAM
DBR_AEV	/home/jbonnier/work/chapitre_5/full_workflow_chloroplastic/03-alignment/workflow_full/alignments/DBR_AEV.sorted.bam	3420942	2196649	64.2118	3389502	99.0810	1893.426139	0.719110	0.706581	0.703136	MAPPED_ONLY_BAM
DBR_AGI	/home/jbonnier/work/chapitre_5/full_workflow_chloroplastic/03-alignment/workflow_full/alignments/DBR_AGI.sorted.bam	3487582	2212821	63.4486	3450008	98.9226	1909.516625	0.720393	0.711359	0.706805	MAPPED_ONLY_BAM
DSW_AABS	/home/jbonnier/work/chapitre_5/full_workflow_chloroplastic/03-alignment/workflow_full/alignments/DSW_AABS.sorted.bam	1899660	1243018	65.4337	1858863	97.8524	814.444269	0.681579	0.652647	0.636766	MAPPED_ONLY_BAM
DBR_ADJ	/home/jbonnier/work/chapitre_5/full_workflow_chloroplastic/03-alignment/workflow_full/alignments/DBR_ADJ.sorted.bam	736675	501164	68.0305	732147	99.3853	246.202248	0.688875	0.684651	0.682626	MAPPED_ONLY_BAM
DBR_AEO	/home/jbonnier/work/chapitre_5/full_workflow_chloroplastic/03-alignment/workflow_full/alignments/DBR_AEO.sorted.bam	6373457	4034253	63.2977	6323470	99.2157	3434.510918	0.726791	0.710824	0.708101	MAPPED_ONLY_BAM
DBR_ADO	/home/jbonnier/work/chapitre_5/full_workflow_chloroplastic/03-alignment/workflow_full/alignments/DBR_ADO.sorted.bam	1948535	1294619	66.4406	1927873	98.9396	978.860028	0.701603	0.694663	0.692214	MAPPED_ONLY_BAM
DSW_AAAH	/home/jbonnier/work/chapitre_5/full_workflow_chloroplastic/03-alignment/workflow_full/alignments/DSW_AAAH.sorted.bam	2054567	1336404	65.0455	2035742	99.0837	1072.683448	0.717116	0.708973	0.704687	MAPPED_ONLY_BAM
DSW_AACM	/home/jbonnier/work/chapitre_5/full_workflow_chloroplastic/03-alignment/workflow_full/alignments/DSW_AACM.sorted.bam	1928595	1290716	66.9252	1907481	98.9052	1002.518507	0.716493	0.705036	0.701728	MAPPED_ONLY_BAM
DSW_AABH	/home/jbonnier/work/chapitre_5/full_workflow_chloroplastic/03-alignment/workflow_full/alignments/DSW_AABH.sorted.bam	3187487	2097078	65.7910	3155490	98.9962	1802.979584	0.721234	0.710599	0.706381	MAPPED_ONLY_BAM
DBR_AFI	/home/jbonnier/work/chapitre_5/full_workflow_chloroplastic/03-alignment/workflow_full/alignments/DBR_AFI.sorted.bam	3512310	2220326	63.2155	3473183	98.8860	1805.874277	0.704706	0.699155	0.696731	MAPPED_ONLY_BAM
DSW_AABT	/home/jbonnier/work/chapitre_5/full_workflow_chloroplastic/03-alignment/workflow_full/alignments/DSW_AABT.sorted.bam	1170359	711808	60.8196	1069263	91.3620	463.958576	0.624431	0.547994	0.522151	MAPPED_ONLY_BAM
DSW_AACD	/home/jbonnier/work/chapitre_5/full_workflow_chloroplastic/03-alignment/workflow_full/alignments/DSW_AACD.sorted.bam	3299685	2091032	63.3707	3270915	99.1281	1809.400465	0.724710	0.714655	0.709509	MAPPED_ONLY_BAM
DBR_ADV	/home/jbonnier/work/chapitre_5/full_workflow_chloroplastic/03-alignment/workflow_full/alignments/DBR_ADV.sorted.bam	1135352	746000	65.7065	1115567	98.2574	348.452779	0.675100	0.599585	0.561395	MAPPED_ONLY_BAM
DBR_AEB	/home/jbonnier/work/chapitre_5/full_workflow_chloroplastic/03-alignment/workflow_full/alignments/DBR_AEB.sorted.bam	3107670	2024891	65.1579	3057841	98.3966	1832.374940	0.722561	0.712369	0.709260	MAPPED_ONLY_BAM
DSW_AACN	/home/jbonnier/work/chapitre_5/full_workflow_chloroplastic/03-alignment/workflow_full/alignments/DSW_AACN.sorted.bam	982998	647445	65.8643	967534	98.4269	473.835139	0.706811	0.698314	0.693840	MAPPED_ONLY_BAM
DSW_AABU	/home/jbonnier/work/chapitre_5/full_workflow_chloroplastic/03-alignment/workflow_full/alignments/DSW_AABU.sorted.bam	1034329	699275	67.6066	1009077	97.5586	409.486945	0.689043	0.657668	0.634031	MAPPED_ONLY_BAM
DBR_AFG	/home/jbonnier/work/chapitre_5/full_workflow_chloroplastic/03-alignment/workflow_full/alignments/DBR_AFG.sorted.bam	3301013	2148727	65.0930	3270781	99.0842	1800.928908	0.716094	0.707347	0.703715	MAPPED_ONLY_BAM
DBR_ADK	/home/jbonnier/work/chapitre_5/full_workflow_chloroplastic/03-alignment/workflow_full/alignments/DBR_ADK.sorted.bam	2826062	1860928	65.8488	2794995	98.9007	1580.470205	0.711552	0.702182	0.698444	MAPPED_ONLY_BAM
DSW_AABI	/home/jbonnier/work/chapitre_5/full_workflow_chloroplastic/03-alignment/workflow_full/alignments/DSW_AABI.sorted.bam	2337845	1522447	65.1218	2312816	98.9294	1251.823632	0.716680	0.707721	0.702843	MAPPED_ONLY_BAM
DBR_AEX	/home/jbonnier/work/chapitre_5/full_workflow_chloroplastic/03-alignment/workflow_full/alignments/DBR_AEX.sorted.bam	2988186	1933990	64.7212	2947059	98.6237	1734.963548	0.723888	0.712780	0.708469	MAPPED_ONLY_BAM
DSW_AABV	/home/jbonnier/work/chapitre_5/full_workflow_chloroplastic/03-alignment/workflow_full/alignments/DSW_AABV.sorted.bam	881089	534144	60.6232	845956	96.0125	273.290136	0.623889	0.522606	0.487991	MAPPED_ONLY_BAM
DBR_AFK	/home/jbonnier/work/chapitre_5/full_workflow_chloroplastic/03-alignment/workflow_full/alignments/DBR_AFK.sorted.bam	1922374	1272469	66.1926	1904434	99.0668	931.553140	0.699042	0.693460	0.691217	MAPPED_ONLY_BAM
DSW_AACG	/home/jbonnier/work/chapitre_5/full_workflow_chloroplastic/03-alignment/workflow_full/alignments/DSW_AACG.sorted.bam	2473952	1615948	65.3185	2440982	98.6673	1351.686364	0.722243	0.710954	0.707304	MAPPED_ONLY_BAM
DBR_AFJ	/home/jbonnier/work/chapitre_5/full_workflow_chloroplastic/03-alignment/workflow_full/alignments/DBR_AFJ.sorted.bam	3093511	2041875	66.0051	3062362	98.9931	1610.275626	0.699136	0.695659	0.693491	MAPPED_ONLY_BAM
DSW_AAAI	/home/jbonnier/work/chapitre_5/full_workflow_chloroplastic/03-alignment/workflow_full/alignments/DSW_AAAI.sorted.bam	3833419	2498988	65.1895	3796972	99.0492	2162.802095	0.730922	0.715882	0.711272	MAPPED_ONLY_BAM
DBR_AFH	/home/jbonnier/work/chapitre_5/full_workflow_chloroplastic/03-alignment/workflow_full/alignments/DBR_AFH.sorted.bam	1819211	1162735	63.9142	1794048	98.6168	957.052607	0.711571	0.703030	0.698507	MAPPED_ONLY_BAM
DBR_AGA	/home/jbonnier/work/chapitre_5/full_workflow_chloroplastic/03-alignment/workflow_full/alignments/DBR_AGA.sorted.bam	5744707	3538960	61.6038	5690786	99.0614	3078.662098	0.731071	0.710437	0.707677	MAPPED_ONLY_BAM
DBR_ADL	/home/jbonnier/work/chapitre_5/full_workflow_chloroplastic/03-alignment/workflow_full/alignments/DBR_ADL.sorted.bam	1600123	1080928	67.5528	1586641	99.1574	674.198884	0.693566	0.687610	0.686040	MAPPED_ONLY_BAM
DBR_AGJ	/home/jbonnier/work/chapitre_5/full_workflow_chloroplastic/03-alignment/workflow_full/alignments/DBR_AGJ.sorted.bam	869832	592031	68.0627	856758	98.4970	406.087826	0.704631	0.696208	0.691492	MAPPED_ONLY_BAM
DSW_AABJ	/home/jbonnier/work/chapitre_5/full_workflow_chloroplastic/03-alignment/workflow_full/alignments/DSW_AABJ.sorted.bam	2500754	1639718	65.5689	2469393	98.7459	1367.694389	0.719957	0.709609	0.706082	MAPPED_ONLY_BAM
DBR_AGK	/home/jbonnier/work/chapitre_5/full_workflow_chloroplastic/03-alignment/workflow_full/alignments/DBR_AGK.sorted.bam	548526	372568	67.9217	536202	97.7533	271.943649	0.703453	0.693747	0.690526	MAPPED_ONLY_BAM
DBR_AEH	/home/jbonnier/work/chapitre_5/full_workflow_chloroplastic/03-alignment/workflow_full/alignments/DBR_AEH.sorted.bam	7984460	5234716	65.5613	7931826	99.3408	4424.075029	0.723327	0.713633	0.710113	MAPPED_ONLY_BAM
DBR_AFO	/home/jbonnier/work/chapitre_5/full_workflow_chloroplastic/03-alignment/workflow_full/alignments/DBR_AFO.sorted.bam	2251166	1505235	66.8647	2229275	99.0276	1162.309480	0.695535	0.692582	0.690694	MAPPED_ONLY_BAM
DSW_AABW	/home/jbonnier/work/chapitre_5/full_workflow_chloroplastic/03-alignment/workflow_full/alignments/DSW_AABW.sorted.bam	3045787	1961650	64.4054	3011089	98.8608	1666.891652	0.724106	0.714088	0.709764	MAPPED_ONLY_BAM
DBR_ADP	/home/jbonnier/work/chapitre_5/full_workflow_chloroplastic/03-alignment/workflow_full/alignments/DBR_ADP.sorted.bam	1818300	1222302	67.2222	1801309	99.0656	927.231673	0.707229	0.699366	0.695659	MAPPED_ONLY_BAM
DBR_AEZ	/home/jbonnier/work/chapitre_5/full_workflow_chloroplastic/03-alignment/workflow_full/alignments/DBR_AEZ.sorted.bam	4409403	2796532	63.4220	4374643	99.2117	2381.330831	0.720773	0.708612	0.705335	MAPPED_ONLY_BAM
DSW_AACL	/home/jbonnier/work/chapitre_5/full_workflow_chloroplastic/03-alignment/workflow_full/alignments/DSW_AACL.sorted.bam	2878277	1832520	63.6673	2850628	99.0394	1573.279744	0.729807	0.714107	0.710163	MAPPED_ONLY_BAM
DBR_ADX	/home/jbonnier/work/chapitre_5/full_workflow_chloroplastic/03-alignment/workflow_full/alignments/DBR_ADX.sorted.bam	2383609	1564967	65.6554	2348179	98.5136	1402.367246	0.725564	0.712138	0.708437	MAPPED_ONLY_BAM
DSW_AAAL	/home/jbonnier/work/chapitre_5/full_workflow_chloroplastic/03-alignment/workflow_full/alignments/DSW_AAAL.sorted.bam	3048841	1973762	64.7381	3024145	99.1900	1685.061373	0.724598	0.710549	0.707958	MAPPED_ONLY_BAM
DBR_AFD	/home/jbonnier/work/chapitre_5/full_workflow_chloroplastic/03-alignment/workflow_full/alignments/DBR_AFD.sorted.bam	4006825	2550813	63.6617	3965608	98.9713	2251.881852	0.725944	0.712867	0.708070	MAPPED_ONLY_BAM
DBR_AFS	/home/jbonnier/work/chapitre_5/full_workflow_chloroplastic/03-alignment/workflow_full/alignments/DBR_AFS.sorted.bam	1305942	865863	66.3018	1290081	98.7855	599.080723	0.695647	0.691822	0.688102	MAPPED_ONLY_BAM
DBR_AEA	/home/jbonnier/work/chapitre_5/full_workflow_chloroplastic/03-alignment/workflow_full/alignments/DBR_AEA.sorted.bam	1338335	864417	64.5890	1320326	98.6544	686.744728	0.712736	0.702743	0.698301	MAPPED_ONLY_BAM
DBR_AGN	/home/jbonnier/work/chapitre_5/full_workflow_chloroplastic/03-alignment/workflow_full/alignments/DBR_AGN.sorted.bam	16405225	11470401	69.9192	16244812	99.0222	8472.517522	0.732585	0.685087	0.682707	MAPPED_ONLY_BAM
DBR_ADZ	/home/jbonnier/work/chapitre_5/full_workflow_chloroplastic/03-alignment/workflow_full/alignments/DBR_ADZ.sorted.bam	2072084	1395539	67.3495	2052346	99.0474	944.537751	0.706058	0.698058	0.693884	MAPPED_ONLY_BAM
DSW_AABK	/home/jbonnier/work/chapitre_5/full_workflow_chloroplastic/03-alignment/workflow_full/alignments/DSW_AABK.sorted.bam	3155613	2063169	65.3809	3120540	98.8886	1733.417629	0.726118	0.711191	0.708151	MAPPED_ONLY_BAM
DBR_AEP	/home/jbonnier/work/chapitre_5/full_workflow_chloroplastic/03-alignment/workflow_full/alignments/DBR_AEP.sorted.bam	2769346	1808587	65.3074	2752003	99.3738	1450.187102	0.712431	0.705173	0.701472	MAPPED_ONLY_BAM
DBR_AFM	/home/jbonnier/work/chapitre_5/full_workflow_chloroplastic/03-alignment/workflow_full/alignments/DBR_AFM.sorted.bam	1642967	1044533	63.5760	1618925	98.5367	874.233093	0.721539	0.707173	0.701840	MAPPED_ONLY_BAM
DSW_AAAM	/home/jbonnier/work/chapitre_5/full_workflow_chloroplastic/03-alignment/workflow_full/alignments/DSW_AAAM.sorted.bam	2176797	1424403	65.4357	2151425	98.8344	1197.634380	0.722013	0.712475	0.708419	MAPPED_ONLY_BAM
DBR_AES	/home/jbonnier/work/chapitre_5/full_workflow_chloroplastic/03-alignment/workflow_full/alignments/DBR_AES.sorted.bam	767975	525233	68.3919	760266	98.9962	289.900449	0.691267	0.686956	0.684395	MAPPED_ONLY_BAM
DSW_AACR	/home/jbonnier/work/chapitre_5/full_workflow_chloroplastic/03-alignment/workflow_full/alignments/DSW_AACR.sorted.bam	3485297	2272737	65.2093	3433846	98.5238	2022.381700	0.727346	0.715234	0.711646	MAPPED_ONLY_BAM
DSW_AABL	/home/jbonnier/work/chapitre_5/full_workflow_chloroplastic/03-alignment/workflow_full/alignments/DSW_AABL.sorted.bam	2300471	1479790	64.3255	2256648	98.0950	1328.004168	0.730436	0.713303	0.710126	MAPPED_ONLY_BAM
DSW_AAAP	/home/jbonnier/work/chapitre_5/full_workflow_chloroplastic/03-alignment/workflow_full/alignments/DSW_AAAP.sorted.bam	2689970	1751029	65.0947	2660757	98.9140	1497.556815	0.722785	0.712686	0.709528	MAPPED_ONLY_BAM
DBR_AFC	/home/jbonnier/work/chapitre_5/full_workflow_chloroplastic/03-alignment/workflow_full/alignments/DBR_AFC.sorted.bam	2049786	1340639	65.4039	2029369	99.0039	1026.975771	0.700737	0.693286	0.691012	MAPPED_ONLY_BAM
DSW_AACS	/home/jbonnier/work/chapitre_5/full_workflow_chloroplastic/03-alignment/workflow_full/alignments/DSW_AACS.sorted.bam	3022159	1942055	64.2605	2990241	98.9439	1614.811845	0.720200	0.713247	0.708755	MAPPED_ONLY_BAM
DBR_AGG	/home/jbonnier/work/chapitre_5/full_workflow_chloroplastic/03-alignment/workflow_full/alignments/DBR_AGG.sorted.bam	3853485	2509100	65.1125	3810876	98.8943	2090.190579	0.714275	0.700513	0.697909	MAPPED_ONLY_BAM
DBR_ADH	/home/jbonnier/work/chapitre_5/full_workflow_chloroplastic/03-alignment/workflow_full/alignments/DBR_ADH.sorted.bam	1053280	704542	66.8903	1045379	99.2499	406.272150	0.690333	0.686807	0.684981	MAPPED_ONLY_BAM
DBR_AGO	/home/jbonnier/work/chapitre_5/full_workflow_chloroplastic/03-alignment/workflow_full/alignments/DBR_AGO.sorted.bam	7682154	5669389	73.7995	7655033	99.6470	2442.719290	0.695466	0.682227	0.681305	MAPPED_ONLY_BAM
DBR_AGP	/home/jbonnier/work/chapitre_5/full_workflow_chloroplastic/03-alignment/workflow_full/alignments/DBR_AGP.sorted.bam	7608088	5859935	77.0224	7551391	99.2548	2855.117319	0.709303	0.678197	0.677536	MAPPED_ONLY_BAM
DBR_AGQ	/home/jbonnier/work/chapitre_5/full_workflow_chloroplastic/03-alignment/workflow_full/alignments/DBR_AGQ.sorted.bam	12729340	9266182	72.7939	12613248	99.0880	6046.851817	0.714057	0.683367	0.680514	MAPPED_ONLY_BAM
DBR_AGR	/home/jbonnier/work/chapitre_5/full_workflow_chloroplastic/03-alignment/workflow_full/alignments/DBR_AGR.sorted.bam	15410599	10900271	70.7323	15286641	99.1956	7396.891970	0.717596	0.684483	0.680950	MAPPED_ONLY_BAM
